Timestamp,Voltage (V),Current (A),Power (W)
2025-06-10T05:01:19.412Z,0,0,0
2025-06-10T05:01:20.418Z,0,0,0
2025-06-10T05:01:21.419Z,0,0,0
2025-06-10T05:01:22.429Z,0,0,0
2025-06-10T05:01:23.435Z,0,0,0
2025-06-10T05:22:43.420Z,0,0,0
2025-06-10T05:22:44.426Z,0,0,0
2025-06-10T05:22:45.430Z,0,0,0
2025-06-10T05:22:46.432Z,0,0,0
2025-06-10T05:22:47.440Z,0,0,0
2025-06-10T05:22:48.441Z,0,0,0
2025-06-10T05:22:49.442Z,0,0,0
2025-06-10T05:22:50.442Z,0,0,0
2025-06-10T05:22:51.455Z,0,0,0
2025-06-10T05:22:52.468Z,0,0,0
2025-06-10T05:22:53.477Z,0,0,0
2025-06-10T05:22:54.484Z,0,0,0
2025-06-10T05:22:55.495Z,0,0,0
2025-06-10T05:22:56.502Z,0,0,0
2025-06-10T05:22:57.506Z,0,0,0
2025-06-10T05:22:58.521Z,0,0,0
2025-06-10T05:22:59.527Z,0,0,0
2025-06-10T05:23:00.537Z,0,0,0
2025-06-10T05:23:01.549Z,0,0,0
2025-06-10T05:23:02.562Z,0,0,0
2025-06-10T05:23:03.565Z,0,0,0
2025-06-10T05:23:04.572Z,0,0,0
2025-06-10T05:23:05.584Z,0,0,0
2025-06-10T05:23:06.596Z,0,0,0
2025-06-10T05:23:07.606Z,0,0,0
2025-06-10T05:23:08.618Z,0,0,0
2025-06-10T05:23:09.633Z,0,0,0
2025-06-10T05:23:10.641Z,0,0,0
2025-06-10T05:23:11.653Z,0,0,0
2025-06-10T05:23:12.662Z,0,0,0
2025-06-10T05:23:13.670Z,0,0,0
2025-06-10T05:23:14.671Z,0,0,0
2025-06-10T05:23:15.676Z,0,0,0
2025-06-10T05:23:16.679Z,0,0,0
2025-06-10T05:23:17.681Z,0,0,0
2025-06-10T05:23:18.684Z,0,0,0
2025-06-10T05:23:19.690Z,0,0,0
2025-06-10T05:23:20.703Z,0,0,0
2025-06-10T05:23:21.707Z,0,0,0
2025-06-10T05:23:22.711Z,0,0,0
2025-06-10T05:23:23.714Z,0,0,0
2025-06-10T05:23:24.719Z,0,0,0
2025-06-10T05:23:25.727Z,0,0,0
2025-06-10T05:23:26.736Z,0,0,0
2025-06-10T05:23:27.738Z,0,0,0
2025-06-10T05:23:28.740Z,0,0,0
2025-06-10T05:23:29.750Z,0,0,0
2025-06-10T05:23:30.760Z,0,0,0
2025-06-10T05:23:31.771Z,0,0,0
2025-06-10T05:23:32.769Z,0,0,0
2025-06-10T05:23:33.776Z,0,0,0
2025-06-10T05:23:34.779Z,0,0,0
2025-06-10T05:23:35.782Z,0,0,0
2025-06-10T05:23:36.794Z,0,0,0
2025-06-10T05:23:37.795Z,0,0,0
2025-06-10T05:23:38.803Z,0,0,0
2025-06-10T05:23:39.807Z,0,0,0
2025-06-10T05:23:40.809Z,0,0,0
2025-06-10T05:23:41.821Z,0,0,0
2025-06-10T05:23:42.828Z,0,0,0
2025-06-10T05:23:43.847Z,0,0,0
2025-06-10T05:23:44.849Z,0,0,0
2025-06-10T05:23:45.860Z,0,0,0
2025-06-10T05:23:46.870Z,0,0,0
2025-06-10T05:23:47.883Z,0,0,0
2025-06-10T05:23:48.894Z,0,0,0
2025-06-10T05:23:49.909Z,0,0,0
2025-06-10T05:23:50.923Z,0,0,0
2025-06-10T05:23:51.933Z,0,0,0
2025-06-10T05:23:52.944Z,0,0,0
2025-06-10T05:23:53.954Z,0,0,0
2025-06-10T05:23:54.963Z,0,0,0
2025-06-10T05:23:55.973Z,0,0,0
2025-06-10T05:23:56.981Z,0,0,0
2025-06-10T05:23:57.993Z,0,0,0
2025-06-10T05:23:58.999Z,0,0,0
2025-06-10T05:24:00.012Z,0,0,0
2025-06-10T05:24:01.024Z,0,0,0
2025-06-10T05:24:02.030Z,0,0,0
2025-06-10T05:24:03.048Z,0,0,0
2025-06-10T05:24:04.059Z,0,0,0
2025-06-10T05:24:05.073Z,0,0,0
2025-06-10T05:24:06.086Z,0,0,0
2025-06-10T05:24:07.097Z,0,0,0
2025-06-10T05:24:08.108Z,0,0,0
2025-06-10T05:24:09.118Z,0,0,0
2025-06-10T05:24:10.132Z,0,0,0
2025-06-10T05:24:11.145Z,0,0,0
2025-06-10T05:24:12.153Z,0,0,0
2025-06-10T05:24:13.159Z,0,0,0
2025-06-10T05:24:14.171Z,0,0,0
2025-06-10T05:24:15.172Z,0,0,0
2025-06-10T05:24:16.180Z,0,0,0
2025-06-10T05:24:17.193Z,0,0,0
2025-06-10T05:24:18.200Z,0,0,0
2025-06-10T05:24:19.206Z,0,0,0
2025-06-10T05:24:20.209Z,0,0,0
2025-06-10T05:24:21.218Z,0,0,0
2025-06-10T05:24:22.220Z,0,0,0
2025-06-10T05:24:23.221Z,0,0,0
2025-06-10T05:24:24.232Z,0,0,0
2025-06-10T05:24:25.244Z,0,0,0
2025-06-10T05:24:26.258Z,0,0,0
2025-06-10T05:24:27.271Z,0,0,0
2025-06-10T05:24:28.286Z,0,0,0
2025-06-10T05:24:29.300Z,0,0,0
2025-06-10T05:24:30.307Z,0,0,0
2025-06-10T05:24:31.318Z,0,0,0
2025-06-10T05:24:32.329Z,0,0,0
2025-06-10T05:24:33.342Z,0,0,0
2025-06-10T05:24:34.353Z,0,0,0
2025-06-10T05:24:35.367Z,0,0,0
2025-06-10T05:24:36.380Z,0,0,0
2025-06-10T05:24:37.387Z,0,0,0
2025-06-10T05:24:38.400Z,0,0,0
2025-06-10T05:24:39.415Z,0,0,0
2025-06-10T05:24:40.416Z,0,0,0
2025-06-10T05:24:41.418Z,0,0,0
2025-06-10T05:24:42.433Z,0,0,0
2025-06-10T05:24:43.435Z,0,0,0
2025-06-10T05:24:44.443Z,0,0,0
2025-06-10T05:24:45.455Z,0,0,0
2025-06-10T05:24:46.457Z,0,0,0
2025-06-10T05:24:47.462Z,0,0,0
2025-06-10T05:24:48.469Z,0,0,0
2025-06-10T05:24:49.470Z,0,0,0
2025-06-10T05:24:50.474Z,0,0,0
2025-06-10T05:24:51.481Z,0,0,0
2025-06-10T05:24:52.484Z,0,0,0
2025-06-10T05:24:53.496Z,0,0,0
2025-06-10T05:24:54.509Z,0,0,0
2025-06-10T05:24:55.516Z,0,0,0
2025-06-10T05:24:56.519Z,0,0,0
2025-06-10T05:24:57.530Z,0,0,0
2025-06-10T05:24:58.545Z,0,0,0
2025-06-10T05:24:59.550Z,0,0,0
2025-06-10T05:25:00.552Z,0,0,0
2025-06-10T05:25:01.560Z,0,0,0
2025-06-10T05:25:02.566Z,0,0,0
2025-06-10T05:25:03.573Z,0,0,0
2025-06-10T05:25:04.579Z,0,0,0
2025-06-10T05:25:05.588Z,0,0,0
2025-06-10T05:25:06.596Z,0,0,0
2025-06-10T05:25:07.611Z,0,0,0
2025-06-10T05:25:08.617Z,0,0,0
2025-06-10T05:25:09.619Z,0,0,0
2025-06-10T05:25:10.621Z,0,0,0
2025-06-10T05:25:11.624Z,0,0,0
2025-06-10T05:25:12.631Z,0,0,0
2025-06-10T05:25:13.628Z,0,0,0
2025-06-10T05:25:14.643Z,0,0,0
2025-06-10T05:25:15.657Z,0,0,0
2025-06-10T05:25:16.662Z,0,0,0
2025-06-10T05:25:17.677Z,0,0,0
2025-06-10T05:25:18.690Z,0,0,0
2025-06-10T05:25:19.705Z,0,0,0
2025-06-10T05:25:20.721Z,0,0,0
2025-06-10T05:25:21.726Z,0,0,0
2025-06-10T05:25:22.728Z,0,0,0
2025-06-10T05:25:23.734Z,0,0,0
2025-06-10T05:25:24.737Z,0,0,0
2025-06-10T05:25:25.746Z,0,0,0
2025-06-10T05:25:26.754Z,0,0,0
2025-06-10T05:25:27.761Z,0,0,0
2025-06-10T05:25:28.763Z,0,0,0
2025-06-10T05:25:29.771Z,0,0,0
2025-06-10T05:25:30.771Z,0,0,0
2025-06-10T05:25:31.775Z,0,0,0
2025-06-10T05:25:32.785Z,0,0,0
2025-06-10T05:25:33.789Z,0,0,0
2025-06-10T05:25:34.801Z,0,0,0
2025-06-10T05:25:35.805Z,0,0,0
2025-06-10T05:25:36.810Z,0,0,0
2025-06-10T05:25:37.817Z,0,0,0
2025-06-10T05:25:38.828Z,0,0,0
2025-06-10T05:25:39.841Z,0,0,0
2025-06-10T05:25:40.851Z,0,0,0
2025-06-10T05:25:41.865Z,0,0,0
2025-06-10T05:25:42.877Z,0,0,0
2025-06-10T05:25:43.887Z,0,0,0
2025-06-10T05:25:44.895Z,0,0,0
2025-06-10T05:25:45.907Z,0,0,0
2025-06-10T05:25:46.917Z,0,0,0
2025-06-10T05:25:47.918Z,0,0,0
2025-06-10T05:25:48.933Z,0,0,0
2025-06-10T05:25:49.945Z,0,0,0
2025-06-10T05:25:50.955Z,0,0,0
2025-06-10T05:25:51.971Z,0,0,0
2025-06-10T05:25:52.976Z,0,0,0
2025-06-10T05:25:53.989Z,0,0,0
2025-06-10T05:25:54.996Z,0,0,0
2025-06-10T05:25:56.003Z,0,0,0
2025-06-10T05:25:57.004Z,0,0,0
2025-06-10T05:25:58.011Z,0,0,0
2025-06-10T05:25:59.022Z,0,0,0
2025-06-10T05:26:00.024Z,0,0,0
2025-06-10T05:26:01.037Z,0,0,0
2025-06-10T05:26:02.050Z,0,0,0
2025-06-10T05:26:03.054Z,0,0,0
2025-06-10T05:26:04.066Z,0,0,0
2025-06-10T05:26:05.071Z,0,0,0
2025-06-10T05:26:06.078Z,0,0,0
2025-06-10T05:26:07.086Z,0,0,0
2025-06-10T05:26:08.097Z,0,0,0
2025-06-10T05:26:09.110Z,0,0,0
2025-06-10T05:26:10.122Z,0,0,0
2025-06-10T05:26:11.125Z,0,0,0
2025-06-10T05:26:12.126Z,0,0,0
2025-06-10T05:26:13.122Z,0,0,0
2025-06-10T05:26:14.133Z,0,0,0
2025-06-10T05:26:15.149Z,0,0,0
2025-06-10T05:26:16.150Z,0,0,0
2025-06-10T05:26:17.163Z,0,0,0
2025-06-10T05:26:18.164Z,0,0,0
2025-06-10T05:26:19.176Z,0,0,0
2025-06-10T05:26:20.188Z,0,0,0
2025-06-10T05:26:21.201Z,0,0,0
2025-06-10T05:26:22.207Z,0,0,0
2025-06-10T05:26:23.215Z,0,0,0
2025-06-10T05:26:24.215Z,0,0,0
2025-06-10T05:26:25.217Z,0,0,0
2025-06-10T05:26:26.229Z,0,0,0
2025-06-10T05:26:27.234Z,0,0,0
2025-06-10T05:26:28.246Z,0,0,0
2025-06-10T05:26:29.257Z,0,0,0
2025-06-10T05:26:30.263Z,0,0,0
2025-06-10T05:26:31.277Z,0,0,0
2025-06-10T05:26:32.289Z,0,0,0
2025-06-10T05:26:33.299Z,0,0,0
2025-06-10T05:26:34.311Z,0,0,0
2025-06-10T05:26:35.319Z,0,0,0
2025-06-10T05:26:36.332Z,0,0,0
2025-06-10T05:26:37.345Z,0,0,0
2025-06-10T05:26:38.350Z,0,0,0
2025-06-10T05:26:39.363Z,0,0,0
2025-06-10T05:26:40.373Z,0,0,0
2025-06-10T05:26:41.388Z,0,0,0
2025-06-10T05:26:42.405Z,0,0,0
2025-06-10T05:26:43.405Z,0,0,0
2025-06-10T05:26:44.412Z,0,0,0
2025-06-10T05:26:45.416Z,0,0,0
2025-06-10T05:26:46.422Z,0,0,0
2025-06-10T05:26:47.434Z,0,0,0
2025-06-10T05:26:48.449Z,0,0,0
2025-06-10T05:26:49.459Z,0,0,0
2025-06-10T05:26:50.469Z,0,0,0
2025-06-10T05:26:51.478Z,0,0,0
2025-06-10T05:26:52.486Z,0,0,0
2025-06-10T05:26:53.500Z,0,0,0
2025-06-10T05:26:54.500Z,0,0,0
2025-06-10T05:26:55.505Z,0,0,0
2025-06-10T05:26:56.515Z,0,0,0
2025-06-10T05:26:57.523Z,0,0,0
2025-06-10T05:26:58.534Z,0,0,0
2025-06-10T05:26:59.548Z,0,0,0
2025-06-10T05:27:00.559Z,0,0,0
2025-06-10T05:27:01.568Z,0,0,0
2025-06-10T05:27:02.571Z,0,0,0
2025-06-10T05:27:03.580Z,0,0,0
2025-06-10T05:27:04.584Z,0,0,0
2025-06-10T05:27:05.585Z,0,0,0
2025-06-10T05:27:06.597Z,0,0,0
2025-06-10T05:27:07.609Z,0,0,0
2025-06-10T05:27:08.620Z,0,0,0
2025-06-10T05:27:09.621Z,0,0,0
2025-06-10T05:27:10.625Z,0,0,0
2025-06-10T05:27:11.634Z,0,0,0
2025-06-10T05:27:12.647Z,0,0,0
2025-06-10T05:27:13.650Z,0,0,0
2025-06-10T05:27:14.656Z,0,0,0
2025-06-10T05:27:15.664Z,0,0,0
2025-06-10T05:27:16.676Z,0,0,0
2025-06-10T05:27:17.684Z,0,0,0
2025-06-10T05:27:18.696Z,0,0,0
2025-06-10T05:27:19.707Z,0,0,0
2025-06-10T05:27:20.719Z,0,0,0
2025-06-10T05:27:21.730Z,0,0,0
2025-06-10T05:27:22.741Z,0,0,0
2025-06-10T05:27:23.751Z,0,0,0
2025-06-10T05:27:24.756Z,0,0,0
2025-06-10T05:27:25.763Z,0,0,0
2025-06-10T05:27:26.765Z,0,0,0
2025-06-10T05:27:27.772Z,0,0,0
2025-06-10T05:27:28.786Z,0,0,0
2025-06-10T05:27:29.796Z,0,0,0
2025-06-10T05:27:30.808Z,0,0,0
2025-06-10T05:27:31.811Z,0,0,0
2025-06-10T05:27:32.823Z,0,0,0
2025-06-10T05:27:33.824Z,0,0,0
2025-06-10T05:27:34.837Z,0,0,0
2025-06-10T05:27:35.838Z,0,0,0
2025-06-10T05:27:36.849Z,0,0,0
2025-06-10T05:27:37.861Z,0,0,0
2025-06-10T05:27:38.872Z,0,0,0
2025-06-10T05:27:39.887Z,0,0,0
2025-06-10T05:27:40.895Z,0,0,0
2025-06-10T05:27:41.904Z,0,0,0
2025-06-10T05:27:42.910Z,0,0,0
2025-06-10T05:27:43.921Z,0,0,0
2025-06-10T05:27:44.922Z,0,0,0
2025-06-10T05:27:45.923Z,0,0,0
2025-06-10T05:27:46.931Z,0,0,0
2025-06-10T05:27:47.942Z,0,0,0
2025-06-10T05:27:48.944Z,0,0,0
2025-06-10T05:27:49.956Z,0,0,0
2025-06-10T05:27:50.970Z,0,0,0
2025-06-10T05:27:51.982Z,0,0,0
2025-06-10T05:27:52.992Z,0,0,0
2025-06-10T05:27:54.006Z,0,0,0
2025-06-10T05:27:55.020Z,0,0,0
2025-06-10T05:27:56.031Z,0,0,0
2025-06-10T05:27:57.044Z,0,0,0
2025-06-10T05:27:58.048Z,0,0,0
2025-06-10T05:27:59.048Z,0,0,0
2025-06-10T05:28:00.061Z,0,0,0
2025-06-10T05:28:01.077Z,0,0,0
2025-06-10T05:28:02.083Z,0,0,0
2025-06-10T05:28:03.097Z,0,0,0
2025-06-10T05:28:04.104Z,0,0,0
2025-06-10T05:28:05.110Z,0,0,0
2025-06-10T05:28:06.116Z,0,0,0
2025-06-10T05:28:07.127Z,0,0,0
2025-06-10T05:28:08.141Z,0,0,0
2025-06-10T05:28:09.152Z,0,0,0
2025-06-10T05:28:10.159Z,0,0,0
2025-06-10T05:28:11.168Z,0,0,0
2025-06-10T05:28:12.173Z,0,0,0
2025-06-10T05:28:13.174Z,0,0,0
2025-06-10T05:28:14.185Z,0,0,0
2025-06-10T05:28:15.198Z,0,0,0
2025-06-10T05:28:16.198Z,0,0,0
2025-06-10T05:28:17.215Z,0,0,0
2025-06-10T05:28:18.218Z,0,0,0
2025-06-10T05:28:19.223Z,0,0,0
2025-06-10T05:28:20.228Z,0,0,0
2025-06-10T05:28:21.241Z,0,0,0
2025-06-10T05:28:22.244Z,0,0,0
2025-06-10T05:28:23.251Z,0,0,0
2025-06-10T05:28:24.257Z,0,0,0
2025-06-10T05:28:25.272Z,0,0,0
2025-06-10T05:28:26.277Z,0,0,0
2025-06-10T05:28:27.289Z,0,0,0
2025-06-10T05:28:28.300Z,0,0,0
2025-06-10T05:28:29.309Z,0,0,0
2025-06-10T05:28:30.317Z,0,0,0
2025-06-10T05:28:31.331Z,0,0,0
2025-06-10T05:28:32.345Z,0,0,0
2025-06-10T05:28:33.353Z,0,0,0
2025-06-10T05:28:34.364Z,0,0,0
2025-06-10T05:28:35.376Z,0,0,0
2025-06-10T05:28:36.387Z,0,0,0
2025-06-10T05:28:37.392Z,0,0,0
2025-06-10T05:28:38.403Z,0,0,0
2025-06-10T05:28:39.415Z,0,0,0
2025-06-10T05:28:40.423Z,0,0,0
2025-06-10T05:28:41.431Z,0,0,0
2025-06-10T05:28:42.433Z,0,0,0
2025-06-10T05:28:43.436Z,0,0,0
2025-06-10T05:28:44.447Z,0,0,0
2025-06-10T05:28:45.458Z,0,0,0
2025-06-10T05:28:46.468Z,0,0,0
2025-06-10T05:28:47.479Z,0,0,0
2025-06-10T05:28:48.491Z,0,0,0
2025-06-10T05:28:49.506Z,0,0,0
2025-06-10T05:28:50.515Z,0,0,0
2025-06-10T05:28:51.527Z,0,0,0
2025-06-10T05:28:52.538Z,0,0,0
2025-06-10T05:28:53.551Z,0,0,0
2025-06-10T05:28:54.550Z,0,0,0
2025-06-10T05:28:55.564Z,0,0,0
2025-06-10T05:28:56.576Z,0,0,0
2025-06-10T05:28:57.585Z,0,0,0
2025-06-10T05:28:58.592Z,0,0,0
2025-06-10T05:28:59.602Z,0,0,0
2025-06-10T05:29:00.602Z,0,0,0
2025-06-10T05:29:01.611Z,0,0,0
2025-06-10T05:29:02.623Z,0,0,0
2025-06-10T05:29:03.633Z,0,0,0
2025-06-10T05:29:04.642Z,0,0,0
2025-06-10T05:29:05.650Z,0,0,0
2025-06-10T05:29:06.654Z,0,0,0
2025-06-10T05:29:07.661Z,0,0,0
2025-06-10T05:29:08.673Z,0,0,0
2025-06-10T05:29:09.687Z,0,0,0
2025-06-10T05:29:10.700Z,0,0,0
2025-06-10T05:29:11.714Z,0,0,0
2025-06-10T05:29:12.726Z,0,0,0
2025-06-10T05:29:13.733Z,0,0,0
2025-06-10T05:29:14.745Z,0,0,0
2025-06-10T05:29:15.756Z,0,0,0
2025-06-10T05:29:16.764Z,0,0,0
2025-06-10T05:29:17.776Z,0,0,0
2025-06-10T05:29:18.788Z,0,0,0
2025-06-10T05:29:19.798Z,0,0,0
2025-06-10T05:29:20.806Z,0,0,0
2025-06-10T05:29:21.818Z,0,0,0
2025-06-10T05:29:22.827Z,0,0,0
2025-06-10T05:29:23.828Z,0,0,0
2025-06-10T05:29:24.837Z,0,0,0
2025-06-10T05:29:25.845Z,0,0,0
2025-06-10T05:29:26.855Z,0,0,0
2025-06-10T05:29:27.862Z,0,0,0
2025-06-10T05:29:28.873Z,0,0,0
2025-06-10T05:29:29.877Z,0,0,0
2025-06-10T05:29:30.880Z,0,0,0
2025-06-10T05:29:31.895Z,0,0,0
2025-06-10T05:29:32.906Z,0,0,0
2025-06-10T05:29:33.916Z,0,0,0
2025-06-10T05:29:34.929Z,0,0,0
2025-06-10T05:29:35.940Z,0,0,0
2025-06-10T05:29:36.953Z,0,0,0
2025-06-10T05:29:37.958Z,0,0,0
2025-06-10T05:29:38.969Z,0,0,0
2025-06-10T05:29:39.981Z,0,0,0
2025-06-10T05:29:40.990Z,0,0,0
2025-06-10T05:29:42.005Z,0,0,0
2025-06-10T05:29:43.015Z,0,0,0
2025-06-10T05:29:44.026Z,0,0,0
2025-06-10T05:29:45.036Z,0,0,0
2025-06-10T05:29:46.048Z,0,0,0
2025-06-10T05:29:47.048Z,0,0,0
2025-06-10T05:29:48.062Z,0,0,0
2025-06-10T05:29:49.075Z,0,0,0
2025-06-10T05:29:50.086Z,0,0,0
2025-06-10T05:29:51.098Z,0,0,0
2025-06-10T05:29:52.107Z,0,0,0
2025-06-10T05:29:53.118Z,0,0,0
2025-06-10T05:29:54.130Z,0,0,0
2025-06-10T05:29:55.135Z,0,0,0
2025-06-10T05:29:56.144Z,0,0,0
2025-06-10T05:29:57.156Z,0,0,0
2025-06-10T05:29:58.167Z,0,0,0
2025-06-10T05:29:59.177Z,0,0,0
2025-06-10T05:30:00.191Z,0,0,0
2025-06-10T05:30:01.205Z,0,0,0
2025-06-10T05:30:02.212Z,0,0,0
2025-06-10T05:30:03.222Z,0,0,0
2025-06-10T05:30:04.231Z,0,0,0
2025-06-10T05:30:05.233Z,0,0,0
2025-06-10T05:30:06.239Z,0,0,0
2025-06-10T05:30:07.245Z,0,0,0
2025-06-10T05:30:08.255Z,0,0,0
2025-06-10T05:30:09.266Z,0,0,0
2025-06-10T05:30:10.277Z,0,0,0
2025-06-10T05:30:11.282Z,0,0,0
2025-06-10T05:30:12.289Z,0,0,0
2025-06-10T05:30:13.295Z,0,0,0
2025-06-10T05:30:14.309Z,0,0,0
2025-06-10T05:30:15.322Z,0,0,0
2025-06-10T05:30:16.335Z,0,0,0
2025-06-10T05:30:17.343Z,0,0,0
2025-06-10T05:30:18.356Z,0,0,0
2025-06-10T05:30:19.368Z,0,0,0
2025-06-10T05:30:20.374Z,0,0,0
2025-06-10T05:30:21.384Z,0,0,0
2025-06-10T05:30:22.395Z,0,0,0
2025-06-10T05:30:23.399Z,0,0,0
2025-06-10T05:30:24.412Z,0,0,0
2025-06-10T05:30:25.422Z,0,0,0
2025-06-10T05:30:26.430Z,0,0,0
2025-06-10T05:30:27.443Z,0,0,0
2025-06-10T05:30:28.457Z,0,0,0
2025-06-10T05:30:29.460Z,0,0,0
2025-06-10T05:30:30.466Z,0,0,0
2025-06-10T05:30:31.477Z,0,0,0
2025-06-10T05:30:32.488Z,0,0,0
2025-06-10T05:30:33.499Z,0,0,0
2025-06-10T05:30:34.509Z,0,0,0
2025-06-10T05:30:35.521Z,0,0,0
2025-06-10T05:30:36.536Z,0,0,0
2025-06-10T05:30:37.549Z,0,0,0
2025-06-10T05:30:38.559Z,0,0,0
2025-06-10T05:30:39.575Z,0,0,0
2025-06-10T05:30:40.579Z,0,0,0
2025-06-10T05:30:41.595Z,0,0,0
2025-06-10T05:30:42.606Z,0,0,0
2025-06-10T05:30:43.617Z,0,0,0
2025-06-10T05:30:44.628Z,0,0,0
2025-06-10T05:30:45.637Z,0,0,0
2025-06-10T05:30:46.653Z,0,0,0
2025-06-10T05:30:47.666Z,0,0,0
2025-06-10T05:30:48.677Z,0,0,0
2025-06-10T05:30:49.690Z,0,0,0
2025-06-10T05:30:50.697Z,0,0,0
2025-06-10T05:30:51.710Z,0,0,0
2025-06-10T05:30:52.722Z,0,0,0
2025-06-10T05:30:53.736Z,0,0,0
2025-06-10T05:30:54.748Z,0,0,0
2025-06-10T05:30:55.757Z,0,0,0
2025-06-10T05:30:56.768Z,0,0,0
2025-06-10T05:30:57.778Z,0,0,0
2025-06-10T05:30:58.788Z,0,0,0
2025-06-10T05:30:59.803Z,0,0,0
2025-06-10T05:31:00.817Z,0,0,0
2025-06-10T05:31:01.822Z,0,0,0
2025-06-10T05:31:02.832Z,0,0,0
2025-06-10T05:31:03.845Z,0,0,0
2025-06-10T05:31:04.854Z,0,0,0
2025-06-10T05:31:05.867Z,0,0,0
2025-06-10T05:31:06.878Z,0,0,0
2025-06-10T05:31:07.892Z,0,0,0
2025-06-10T05:31:08.900Z,0,0,0
2025-06-10T05:31:09.915Z,0,0,0
2025-06-10T05:31:10.917Z,0,0,0
2025-06-10T05:31:11.923Z,0,0,0
2025-06-10T05:31:12.930Z,0,0,0
2025-06-10T05:31:13.942Z,0,0,0
2025-06-10T05:31:14.950Z,0,0,0
2025-06-10T05:31:15.960Z,0,0,0
2025-06-10T05:31:16.972Z,0,0,0
2025-06-10T05:31:17.983Z,0,0,0
2025-06-10T05:31:18.993Z,0,0,0
2025-06-10T05:31:20.007Z,0,0,0
2025-06-10T05:31:21.015Z,0,0,0
2025-06-10T05:31:22.028Z,0,0,0
2025-06-10T05:31:23.040Z,0,0,0
2025-06-10T05:31:24.053Z,0,0,0
2025-06-10T05:31:25.062Z,0,0,0
2025-06-10T05:31:26.071Z,0,0,0
2025-06-10T05:31:27.083Z,0,0,0
2025-06-10T05:31:28.095Z,0,0,0
2025-06-10T05:31:29.103Z,0,0,0
2025-06-10T05:31:30.110Z,0,0,0
2025-06-10T05:31:31.119Z,0,0,0
2025-06-10T05:31:32.124Z,0,0,0
2025-06-10T05:31:33.135Z,0,0,0
2025-06-10T05:31:34.135Z,0,0,0
2025-06-10T05:31:35.150Z,0,0,0
2025-06-10T05:31:36.160Z,0,0,0
2025-06-10T05:31:37.169Z,0,0,0
2025-06-10T05:31:38.190Z,0,0,0
2025-06-10T05:31:39.190Z,0,0,0
2025-06-10T05:31:40.190Z,0,0,0
2025-06-10T05:31:41.198Z,0,0,0
2025-06-10T05:31:42.205Z,0,0,0
2025-06-10T05:31:43.218Z,0,0,0
2025-06-10T05:31:44.222Z,0,0,0
2025-06-10T05:31:45.224Z,0,0,0
2025-06-10T05:31:46.228Z,0,0,0
2025-06-10T05:31:47.235Z,0,0,0
2025-06-10T05:31:48.235Z,0,0,0
2025-06-10T05:31:49.248Z,0,0,0
2025-06-10T05:31:50.254Z,0,0,0
2025-06-10T05:31:51.268Z,0,0,0
2025-06-10T05:31:52.270Z,0,0,0
2025-06-10T05:31:53.284Z,0,0,0
2025-06-10T05:31:54.297Z,0,0,0
2025-06-10T05:31:55.301Z,0,0,0
2025-06-10T05:31:56.306Z,0,0,0
2025-06-10T05:31:57.316Z,0,0,0
2025-06-10T05:31:58.328Z,0,0,0
2025-06-10T05:31:59.339Z,0,0,0
2025-06-10T05:32:00.339Z,0,0,0
2025-06-10T05:32:01.351Z,0,0,0
2025-06-10T05:32:02.361Z,0,0,0
2025-06-10T05:32:03.371Z,0,0,0
2025-06-10T05:32:04.383Z,0,0,0
2025-06-10T05:32:05.394Z,0,0,0
2025-06-10T05:32:06.396Z,0,0,0
2025-06-10T05:32:07.402Z,0,0,0
2025-06-10T05:32:08.405Z,0,0,0
2025-06-10T05:32:09.420Z,0,0,0
2025-06-10T05:32:10.424Z,0,0,0
2025-06-10T05:32:11.427Z,0,0,0
2025-06-10T05:32:12.428Z,0,0,0
2025-06-10T05:32:13.429Z,0,0,0
2025-06-10T05:32:14.431Z,0,0,0
2025-06-10T05:32:15.439Z,0,0,0
2025-06-10T05:32:16.453Z,0,0,0
2025-06-10T05:32:17.469Z,0,0,0
2025-06-10T05:32:18.473Z,0,0,0
2025-06-10T05:32:19.474Z,0,0,0
2025-06-10T05:32:20.474Z,0,0,0
2025-06-10T05:32:21.479Z,0,0,0
2025-06-10T05:32:22.483Z,0,0,0
2025-06-10T05:32:23.492Z,0,0,0
2025-06-10T05:32:24.496Z,0,0,0
2025-06-10T05:32:25.508Z,0,0,0
2025-06-10T05:32:26.523Z,0,0,0
2025-06-10T05:32:27.537Z,0,0,0
2025-06-10T05:32:28.541Z,0,0,0
2025-06-10T05:32:29.556Z,0,0,0
2025-06-10T05:32:30.556Z,0,0,0
2025-06-10T05:32:31.563Z,0,0,0
2025-06-10T05:32:32.573Z,0,0,0
2025-06-10T05:32:33.575Z,0,0,0
2025-06-10T05:32:34.589Z,0,0,0
2025-06-10T05:32:35.589Z,0,0,0
2025-06-10T05:32:36.597Z,0,0,0
2025-06-10T05:32:37.602Z,0,0,0
2025-06-10T05:32:38.617Z,0,0,0
2025-06-10T05:32:39.617Z,0,0,0
2025-06-10T05:32:40.633Z,0,0,0
2025-06-10T05:32:41.634Z,0,0,0
2025-06-10T05:32:42.639Z,0,0,0
2025-06-10T05:32:43.645Z,0,0,0
2025-06-10T05:32:44.652Z,0,0,0
2025-06-10T05:32:45.657Z,0,0,0
2025-06-10T05:32:46.658Z,0,0,0
2025-06-10T05:32:47.659Z,0,0,0
2025-06-10T05:32:48.664Z,0,0,0
2025-06-10T05:32:49.665Z,0,0,0
2025-06-10T05:32:50.668Z,0,0,0
2025-06-10T05:32:51.682Z,0,0,0
2025-06-10T05:32:52.684Z,0,0,0
2025-06-10T05:32:53.690Z,0,0,0
2025-06-10T05:32:54.696Z,0,0,0
2025-06-10T05:32:55.704Z,0,0,0
2025-06-10T05:32:56.717Z,0,0,0
2025-06-10T05:32:57.720Z,0,0,0
2025-06-10T05:32:58.734Z,0,0,0
2025-06-10T05:32:59.735Z,0,0,0
2025-06-10T05:33:00.747Z,0,0,0
2025-06-10T05:33:01.753Z,0,0,0
2025-06-10T05:33:02.762Z,0,0,0
2025-06-10T05:33:03.769Z,0,0,0
2025-06-10T05:33:04.777Z,0,0,0
2025-06-10T05:33:05.782Z,0,0,0
2025-06-10T05:33:06.787Z,0,0,0
2025-06-10T05:33:07.793Z,0,0,0
2025-06-10T05:33:08.795Z,0,0,0
2025-06-10T05:33:09.796Z,0,0,0
2025-06-10T05:33:10.811Z,0,0,0
2025-06-10T05:33:11.825Z,0,0,0
2025-06-10T05:33:12.836Z,0,0,0
2025-06-10T05:33:13.846Z,0,0,0
2025-06-10T05:33:14.852Z,0,0,0
2025-06-10T05:33:15.857Z,0,0,0
2025-06-10T05:33:16.860Z,0,0,0
2025-06-10T05:33:17.864Z,0,0,0
2025-06-10T05:33:18.875Z,0,0,0
2025-06-10T05:33:19.883Z,0,0,0
2025-06-10T05:33:20.891Z,0,0,0
2025-06-10T05:33:21.902Z,0,0,0
2025-06-10T05:33:22.909Z,0,0,0
2025-06-10T05:33:23.917Z,0,0,0
2025-06-10T05:33:24.924Z,0,0,0
2025-06-10T05:33:25.930Z,0,0,0
2025-06-10T05:33:26.939Z,0,0,0
2025-06-10T05:33:27.950Z,0,0,0
2025-06-10T05:33:28.962Z,0,0,0
2025-06-10T05:33:29.974Z,0,0,0
2025-06-10T05:33:30.978Z,0,0,0
2025-06-10T05:33:31.983Z,0,0,0
2025-06-10T05:33:32.991Z,0,0,0
2025-06-10T05:33:34.002Z,0,0,0
2025-06-10T05:33:35.005Z,0,0,0
2025-06-10T05:33:36.015Z,0,0,0
2025-06-10T05:33:37.028Z,0,0,0
2025-06-10T05:33:38.039Z,0,0,0
2025-06-10T05:33:39.049Z,0,0,0
2025-06-10T05:33:40.064Z,0,0,0
2025-06-10T05:33:41.072Z,0,0,0
2025-06-10T05:33:42.085Z,0,0,0
2025-06-10T05:33:43.095Z,0,0,0
2025-06-10T05:33:44.109Z,0,0,0
2025-06-10T05:33:45.121Z,0,0,0
2025-06-10T05:33:46.132Z,0,0,0
2025-06-10T05:33:47.144Z,0,0,0
2025-06-10T05:33:48.152Z,0,0,0
2025-06-10T05:33:49.161Z,0,0,0
2025-06-10T05:33:50.162Z,0,0,0
2025-06-10T05:33:51.174Z,0,0,0
2025-06-10T05:33:52.182Z,0,0,0
2025-06-10T05:33:53.187Z,0,0,0
2025-06-10T05:33:54.196Z,0,0,0
2025-06-10T05:33:55.203Z,0,0,0
2025-06-10T05:33:56.205Z,0,0,0
2025-06-10T05:33:57.211Z,0,0,0
2025-06-10T05:33:58.212Z,0,0,0
2025-06-10T05:33:59.214Z,0,0,0
2025-06-10T05:34:00.218Z,0,0,0
2025-06-10T05:34:01.226Z,0,0,0
2025-06-10T05:34:02.232Z,0,0,0
2025-06-10T05:34:03.236Z,0,0,0
2025-06-10T05:34:04.243Z,0,0,0
2025-06-10T05:34:05.250Z,0,0,0
2025-06-10T05:34:06.254Z,0,0,0
2025-06-10T05:34:07.258Z,0,0,0
2025-06-10T05:34:08.264Z,0,0,0
2025-06-10T05:34:09.269Z,0,0,0
2025-06-10T05:34:10.276Z,0,0,0
2025-06-10T05:34:11.280Z,0,0,0
2025-06-10T05:34:12.285Z,0,0,0
2025-06-10T05:34:13.289Z,0,0,0
2025-06-10T05:34:14.294Z,0,0,0
2025-06-10T05:34:15.298Z,0,0,0
2025-06-10T05:34:16.304Z,0,0,0
2025-06-10T05:34:17.313Z,0,0,0
2025-06-10T05:34:18.318Z,0,0,0
2025-06-10T05:34:19.328Z,0,0,0
2025-06-10T05:34:20.334Z,0,0,0
2025-06-10T05:34:21.342Z,0,0,0
2025-06-10T05:34:22.349Z,0,0,0
2025-06-10T05:34:23.357Z,0,0,0
2025-06-10T05:34:24.363Z,0,0,0
2025-06-10T05:34:25.368Z,0,0,0
2025-06-10T05:34:26.373Z,0,0,0
2025-06-10T05:34:27.378Z,0,0,0
2025-06-10T05:34:28.386Z,0,0,0
2025-06-10T05:34:29.394Z,0,0,0
2025-06-10T05:34:30.400Z,0,0,0
2025-06-10T05:34:31.406Z,0,0,0
2025-06-10T05:34:32.413Z,0,0,0
2025-06-10T05:34:33.421Z,0,0,0
2025-06-10T05:34:34.427Z,0,0,0
2025-06-10T05:34:35.431Z,0,0,0
2025-06-10T05:34:36.439Z,0,0,0
2025-06-10T05:34:37.446Z,0,0,0
2025-06-10T05:34:38.452Z,0,0,0
2025-06-10T05:34:39.459Z,0,0,0
2025-06-10T05:34:40.468Z,0,0,0
2025-06-10T05:34:41.477Z,0,0,0
2025-06-10T05:34:42.482Z,0,0,0
2025-06-10T05:34:43.486Z,0,0,0
2025-06-10T05:34:44.490Z,0,0,0
2025-06-10T05:34:45.494Z,0,0,0
2025-06-10T05:34:46.501Z,0,0,0
2025-06-10T05:34:47.508Z,0,0,0
2025-06-10T05:34:48.514Z,0,0,0
2025-06-10T05:34:49.518Z,0,0,0
2025-06-10T05:34:50.522Z,0,0,0
2025-06-10T05:34:51.527Z,0,0,0
2025-06-10T05:34:52.533Z,0,0,0
2025-06-10T05:34:53.542Z,0,0,0
2025-06-10T05:34:54.547Z,0,0,0
2025-06-10T05:34:55.555Z,0,0,0
2025-06-10T05:34:56.561Z,0,0,0
2025-06-10T05:34:57.567Z,0,0,0
2025-06-10T05:34:58.574Z,0,0,0
2025-06-10T05:34:59.582Z,0,0,0
2025-06-10T05:35:00.587Z,0,0,0
2025-06-10T05:35:01.593Z,0,0,0
2025-06-10T05:35:02.599Z,0,0,0
2025-06-10T05:35:03.603Z,0,0,0
2025-06-10T05:35:04.610Z,0,0,0
2025-06-10T05:35:05.612Z,0,0,0
2025-06-10T05:35:06.619Z,0,0,0
2025-06-10T05:35:07.625Z,0,0,0
2025-06-10T05:35:08.626Z,0,0,0
2025-06-10T05:35:09.639Z,0,0,0
2025-06-10T05:35:10.644Z,0,0,0
2025-06-10T05:35:11.650Z,0,0,0
2025-06-10T05:35:12.658Z,0,0,0
2025-06-10T05:35:13.661Z,0,0,0
2025-06-10T05:35:14.667Z,0,0,0
2025-06-10T05:35:15.672Z,0,0,0
2025-06-10T05:35:16.679Z,0,0,0
2025-06-10T05:35:17.685Z,0,0,0
2025-06-10T05:35:18.690Z,0,0,0
2025-06-10T05:35:19.695Z,0,0,0
2025-06-10T05:35:20.701Z,0,0,0
2025-06-10T05:35:21.708Z,0,0,0
2025-06-10T05:35:22.715Z,0,0,0
2025-06-10T05:35:23.718Z,0,0,0
2025-06-10T05:35:24.722Z,0,0,0
2025-06-10T05:35:25.725Z,0,0,0
2025-06-10T05:35:26.738Z,0,0,0
2025-06-10T05:35:27.747Z,0,0,0
2025-06-10T05:35:28.754Z,0,0,0
2025-06-10T05:35:29.758Z,0,0,0
2025-06-10T05:35:30.766Z,0,0,0
2025-06-10T05:35:31.771Z,0,0,0
2025-06-10T05:35:32.779Z,0,0,0
2025-06-10T05:35:33.786Z,0,0,0
2025-06-10T05:35:34.792Z,0,0,0
2025-06-10T05:35:35.798Z,0,0,0
2025-06-10T05:35:36.801Z,0,0,0
2025-06-10T05:35:37.807Z,0,0,0
2025-06-10T05:35:38.814Z,0,0,0
2025-06-10T05:35:39.822Z,0,0,0
2025-06-10T05:35:40.828Z,0,0,0
2025-06-10T05:35:41.838Z,0,0,0
2025-06-10T05:35:42.845Z,0,0,0
2025-06-10T05:35:43.852Z,0,0,0
2025-06-10T05:35:44.858Z,0,0,0
2025-06-10T05:35:45.864Z,0,0,0
2025-06-10T05:35:46.871Z,0,0,0
2025-06-10T05:35:47.876Z,0,0,0
2025-06-10T05:35:48.882Z,0,0,0
2025-06-10T05:35:49.891Z,0,0,0
2025-06-10T05:35:50.898Z,0,0,0
2025-06-10T05:35:51.906Z,0,0,0
2025-06-10T05:35:52.912Z,0,0,0
2025-06-10T05:35:53.922Z,0,0,0
2025-06-10T05:35:54.928Z,0,0,0
2025-06-10T05:35:55.938Z,0,0,0
2025-06-10T05:35:56.942Z,0,0,0
2025-06-10T05:35:57.950Z,0,0,0
2025-06-10T05:35:58.953Z,0,0,0
2025-06-10T05:35:59.956Z,0,0,0
2025-06-10T05:36:00.962Z,0,0,0
2025-06-10T05:36:01.967Z,0,0,0
2025-06-10T05:36:02.977Z,0,0,0
2025-06-10T05:36:03.995Z,0,0,0
2025-06-10T05:36:04.990Z,0,0,0
2025-06-10T05:36:05.999Z,0,0,0
2025-06-10T05:36:07.005Z,0,0,0
2025-06-10T05:36:08.012Z,0,0,0
2025-06-10T05:36:09.019Z,0,0,0
2025-06-10T05:36:10.024Z,0,0,0
2025-06-10T05:36:11.029Z,0,0,0
2025-06-10T05:36:12.035Z,0,0,0
2025-06-10T05:36:13.037Z,0,0,0
2025-06-10T05:36:14.042Z,0,0,0
2025-06-10T05:36:15.050Z,0,0,0
2025-06-10T05:36:16.059Z,0,0,0
2025-06-10T05:36:17.065Z,0,0,0
2025-06-10T05:36:18.070Z,0,0,0
2025-06-10T05:36:19.075Z,0,0,0
2025-06-10T05:36:20.083Z,0,0,0
2025-06-10T05:36:21.090Z,0,0,0
2025-06-10T05:36:22.093Z,0,0,0
2025-06-10T05:36:23.103Z,0,0,0
2025-06-10T05:36:24.106Z,0,0,0
2025-06-10T05:36:25.115Z,0,0,0
2025-06-10T05:36:26.121Z,0,0,0
2025-06-10T05:36:27.126Z,0,0,0
2025-06-10T05:36:28.134Z,0,0,0
2025-06-10T05:36:29.140Z,0,0,0
2025-06-10T05:36:30.144Z,0,0,0
2025-06-10T05:36:31.150Z,0,0,0
2025-06-10T05:36:32.158Z,0,0,0
2025-06-10T05:36:33.164Z,0,0,0
2025-06-10T05:36:34.172Z,0,0,0
2025-06-10T05:36:35.177Z,0,0,0
2025-06-10T05:36:36.183Z,0,0,0
2025-06-10T05:36:37.189Z,0,0,0
2025-06-10T05:36:38.194Z,0,0,0
2025-06-10T05:36:39.202Z,0,0,0
2025-06-10T05:36:40.210Z,0,0,0
2025-06-10T05:36:41.218Z,0,0,0
2025-06-10T05:36:42.222Z,0,0,0
2025-06-10T05:36:43.227Z,0,0,0
2025-06-10T05:36:44.234Z,0,0,0
2025-06-10T05:36:45.238Z,0,0,0
2025-06-10T05:36:46.243Z,0,0,0
2025-06-10T05:36:47.257Z,0,0,0
2025-06-10T05:36:48.261Z,0,0,0
2025-06-10T05:36:49.268Z,0,0,0
2025-06-10T05:36:50.277Z,0,0,0
2025-06-10T05:36:51.285Z,0,0,0
2025-06-10T05:36:52.290Z,0,0,0
2025-06-10T05:36:53.294Z,0,0,0
2025-06-10T05:36:54.298Z,0,0,0
2025-06-10T05:36:55.304Z,0,0,0
2025-06-10T05:36:56.305Z,0,0,0
2025-06-10T05:36:57.312Z,0,0,0
2025-06-10T05:36:58.321Z,0,0,0
2025-06-10T05:36:59.323Z,0,0,0
2025-06-10T05:37:00.329Z,0,0,0
2025-06-10T05:37:01.335Z,0,0,0
2025-06-10T05:37:02.340Z,0,0,0
2025-06-10T05:37:03.348Z,0,0,0
2025-06-10T05:37:04.354Z,0,0,0
2025-06-10T05:37:05.359Z,0,0,0
2025-06-10T05:37:06.364Z,0,0,0
2025-06-10T05:37:07.370Z,0,0,0
2025-06-10T05:37:08.374Z,0,0,0
2025-06-10T05:37:09.383Z,0,0,0
2025-06-10T05:37:10.392Z,0,0,0
2025-06-10T05:37:11.399Z,0,0,0
2025-06-10T05:37:12.399Z,0,0,0
2025-06-10T05:37:13.411Z,0,0,0
2025-06-10T05:37:14.418Z,0,0,0
2025-06-10T05:37:15.426Z,0,0,0
2025-06-10T05:37:16.429Z,0,0,0
2025-06-10T05:37:17.438Z,0,0,0
2025-06-10T05:37:18.442Z,0,0,0
2025-06-10T05:37:19.448Z,0,0,0
2025-06-10T05:37:20.454Z,0,0,0
2025-06-10T05:37:21.457Z,0,0,0
2025-06-10T05:37:22.458Z,0,0,0
2025-06-10T05:37:23.464Z,0,0,0
2025-06-10T05:37:24.469Z,0,0,0
2025-06-10T05:37:25.476Z,0,0,0
2025-06-10T05:37:26.482Z,0,0,0
2025-06-10T05:37:27.488Z,0,0,0
2025-06-10T05:37:28.496Z,0,0,0
2025-06-10T05:37:29.502Z,0,0,0
2025-06-10T05:37:30.509Z,0,0,0
2025-06-10T05:37:31.516Z,0,0,0
2025-06-10T05:37:32.524Z,0,0,0
2025-06-10T05:37:33.533Z,0,0,0
2025-06-10T05:37:34.540Z,0,0,0
2025-06-10T05:37:35.548Z,0,0,0
2025-06-10T05:37:36.555Z,0,0,0
2025-06-10T05:37:37.561Z,0,0,0
2025-06-10T05:37:38.568Z,0,0,0
2025-06-10T05:37:39.575Z,0,0,0
2025-06-10T05:37:40.582Z,0,0,0
2025-06-10T05:37:41.590Z,0,0,0
2025-06-10T05:37:42.592Z,0,0,0
2025-06-10T05:37:43.596Z,0,0,0
2025-06-10T05:37:44.604Z,0,0,0
2025-06-10T05:37:45.613Z,0,0,0
2025-06-10T05:37:46.622Z,0,0,0
2025-06-10T05:37:47.631Z,0,0,0
2025-06-10T05:37:48.638Z,0,0,0
2025-06-10T05:37:49.645Z,0,0,0
2025-06-10T05:37:50.651Z,0,0,0
2025-06-10T05:37:51.658Z,0,0,0
2025-06-10T05:37:52.665Z,0,0,0
2025-06-10T05:37:53.673Z,0,0,0
2025-06-10T05:37:54.680Z,0,0,0
2025-06-10T05:37:55.686Z,0,0,0
2025-06-10T05:37:56.694Z,0,0,0
2025-06-10T05:37:57.702Z,0,0,0
2025-06-10T05:37:58.713Z,0,0,0
2025-06-10T05:37:59.718Z,0,0,0
2025-06-10T05:38:00.721Z,0,0,0
2025-06-10T05:38:01.722Z,0,0,0
2025-06-10T05:38:02.731Z,0,0,0
2025-06-10T05:38:03.741Z,0,0,0
2025-06-10T05:38:04.747Z,0,0,0
2025-06-10T05:38:05.755Z,0,0,0
2025-06-10T05:38:06.760Z,0,0,0
2025-06-10T05:38:07.766Z,0,0,0
2025-06-10T05:38:08.773Z,0,0,0
2025-06-10T05:38:09.776Z,0,0,0
2025-06-10T05:38:10.783Z,0,0,0
2025-06-10T05:38:11.791Z,0,0,0
2025-06-10T05:38:12.794Z,0,0,0
2025-06-10T05:38:13.802Z,0,0,0
2025-06-10T05:38:14.809Z,0,0,0
2025-06-10T05:38:15.815Z,0,0,0
2025-06-10T05:38:16.823Z,0,0,0
2025-06-10T05:38:17.829Z,0,0,0
2025-06-10T05:38:18.835Z,0,0,0
2025-06-10T05:38:19.839Z,0,0,0
2025-06-10T05:38:20.847Z,0,0,0
2025-06-10T05:38:21.854Z,0,0,0
2025-06-10T05:38:22.865Z,0,0,0
2025-06-10T05:38:23.868Z,0,0,0
2025-06-10T05:38:24.875Z,0,0,0
2025-06-10T05:38:25.879Z,0,0,0
2025-06-10T05:38:26.890Z,0,0,0
2025-06-10T05:38:27.899Z,0,0,0
2025-06-10T05:38:28.904Z,0,0,0
2025-06-10T05:38:29.910Z,0,0,0
2025-06-10T05:38:30.917Z,0,0,0
2025-06-10T05:38:31.926Z,0,0,0
2025-06-10T05:38:32.935Z,0,0,0
2025-06-10T05:38:33.941Z,0,0,0
2025-06-10T05:38:34.948Z,0,0,0
2025-06-10T05:38:35.950Z,0,0,0
2025-06-10T05:38:36.957Z,0,0,0
2025-06-10T05:38:37.962Z,0,0,0
2025-06-10T05:38:38.969Z,0,0,0
2025-06-10T05:38:39.973Z,0,0,0
2025-06-10T05:38:40.979Z,0,0,0
2025-06-10T05:38:41.984Z,0,0,0
2025-06-10T05:38:42.992Z,0,0,0
2025-06-10T05:38:43.997Z,0,0,0
2025-06-10T05:38:45.005Z,0,0,0
2025-06-10T05:38:46.010Z,0,0,0
2025-06-10T05:38:47.019Z,0,0,0
2025-06-10T05:38:48.026Z,0,0,0
2025-06-10T05:38:49.033Z,0,0,0
2025-06-10T05:38:50.040Z,0,0,0
2025-06-10T05:38:51.045Z,0,0,0
2025-06-10T05:38:52.053Z,0,0,0
2025-06-10T05:38:53.059Z,0,0,0
2025-06-10T05:38:54.063Z,0,0,0
2025-06-10T05:38:55.067Z,0,0,0
2025-06-10T05:38:56.075Z,0,0,0
2025-06-10T05:38:57.084Z,0,0,0
2025-06-10T05:38:58.093Z,0,0,0
2025-06-10T05:38:59.098Z,0,0,0
2025-06-10T05:39:00.102Z,0,0,0
2025-06-10T05:39:01.108Z,0,0,0
2025-06-10T05:39:02.117Z,0,0,0
2025-06-10T05:39:03.126Z,0,0,0
2025-06-10T05:39:04.131Z,0,0,0
2025-06-10T05:39:05.140Z,0,0,0
2025-06-10T05:39:06.144Z,0,0,0
2025-06-10T05:39:07.150Z,0,0,0
2025-06-10T05:39:08.151Z,0,0,0
2025-06-10T05:39:09.162Z,0,0,0
2025-06-10T05:39:10.171Z,0,0,0
2025-06-10T05:39:11.178Z,0,0,0
2025-06-10T05:39:12.182Z,0,0,0
2025-06-10T05:39:13.185Z,0,0,0
2025-06-10T05:39:14.192Z,0,0,0
2025-06-10T05:39:15.199Z,0,0,0
2025-06-10T05:39:16.205Z,0,0,0
2025-06-10T05:39:17.209Z,0,0,0
2025-06-10T05:39:18.215Z,0,0,0
2025-06-10T05:39:19.221Z,0,0,0
2025-06-10T05:39:20.230Z,0,0,0
2025-06-10T05:39:21.235Z,0,0,0
2025-06-10T05:39:22.241Z,0,0,0
2025-06-10T05:39:23.248Z,0,0,0
2025-06-10T05:39:24.254Z,0,0,0
2025-06-10T05:39:25.258Z,0,0,0
2025-06-10T05:39:26.265Z,0,0,0
2025-06-10T05:39:27.274Z,0,0,0
2025-06-10T05:39:28.280Z,0,0,0
2025-06-10T05:39:29.283Z,0,0,0
2025-06-10T05:39:30.289Z,0,0,0
2025-06-10T05:39:31.293Z,0,0,0
2025-06-10T05:39:32.302Z,0,0,0
2025-06-10T05:39:33.309Z,0,0,0
2025-06-10T05:39:34.315Z,0,0,0
2025-06-10T05:39:35.323Z,0,0,0
2025-06-10T05:39:36.326Z,0,0,0
2025-06-10T05:39:37.332Z,0,0,0
2025-06-10T05:39:38.341Z,0,0,0
2025-06-10T05:39:39.350Z,0,0,0
2025-06-10T05:39:40.354Z,0,0,0
2025-06-10T05:39:41.369Z,0,0,0
2025-06-10T05:39:42.376Z,0,0,0
2025-06-10T05:39:43.381Z,0,0,0
2025-06-10T05:39:44.388Z,0,0,0
2025-06-10T05:39:45.389Z,0,0,0
2025-06-10T05:39:46.390Z,0,0,0
2025-06-10T05:39:47.400Z,0,0,0
2025-06-10T05:39:48.407Z,0,0,0
2025-06-10T05:39:49.413Z,0,0,0
2025-06-10T05:39:50.421Z,0,0,0
2025-06-10T05:39:51.425Z,0,0,0
2025-06-10T05:39:52.432Z,0,0,0
2025-06-10T05:39:53.436Z,0,0,0
2025-06-10T05:39:54.442Z,0,0,0
2025-06-10T05:39:55.443Z,0,0,0
2025-06-10T05:39:56.454Z,0,0,0
2025-06-10T05:39:57.459Z,0,0,0
2025-06-10T05:39:58.465Z,0,0,0
2025-06-10T05:39:59.471Z,0,0,0
2025-06-10T05:40:00.477Z,0,0,0
2025-06-10T05:40:01.485Z,0,0,0
2025-06-10T05:40:02.490Z,0,0,0
2025-06-10T05:40:03.498Z,0,0,0
2025-06-10T05:40:04.502Z,0,0,0
2025-06-10T05:40:05.508Z,0,0,0
2025-06-10T05:40:06.513Z,0,0,0
2025-06-10T05:40:07.518Z,0,0,0
2025-06-10T05:40:08.525Z,0,0,0
2025-06-10T05:40:09.530Z,0,0,0
2025-06-10T05:40:10.533Z,0,0,0
2025-06-10T05:40:11.539Z,0,0,0
2025-06-10T05:40:12.544Z,0,0,0
2025-06-10T05:40:13.547Z,0,0,0
2025-06-10T05:40:14.554Z,0,0,0
2025-06-10T05:40:15.561Z,0,0,0
2025-06-10T05:40:16.567Z,0,0,0
2025-06-10T05:40:17.574Z,0,0,0
2025-06-10T05:40:18.582Z,0,0,0
2025-06-10T05:40:19.593Z,0,0,0
2025-06-10T05:40:20.598Z,0,0,0
2025-06-10T05:40:21.609Z,0,0,0
2025-06-10T05:40:22.604Z,0,0,0
2025-06-10T05:40:23.610Z,0,0,0
2025-06-10T05:40:24.617Z,0,0,0
2025-06-10T05:40:25.626Z,0,0,0
2025-06-10T05:40:26.632Z,0,0,0
2025-06-10T05:40:27.635Z,0,0,0
2025-06-10T05:40:28.643Z,0,0,0
2025-06-10T05:40:29.649Z,0,0,0
2025-06-10T05:40:30.654Z,0,0,0
2025-06-10T05:40:31.661Z,0,0,0
2025-06-10T05:40:32.667Z,0,0,0
2025-06-10T05:40:33.673Z,0,0,0
2025-06-10T05:40:34.681Z,0,0,0
2025-06-10T05:40:35.685Z,0,0,0
2025-06-10T05:40:36.691Z,0,0,0
2025-06-10T05:40:37.701Z,0,0,0
2025-06-10T05:40:38.705Z,0,0,0
2025-06-10T05:40:39.711Z,0,0,0
2025-06-10T05:40:40.718Z,0,0,0
2025-06-10T05:40:41.727Z,0,0,0
2025-06-10T05:40:42.733Z,0,0,0
2025-06-10T05:40:43.738Z,0,0,0
2025-06-10T05:40:44.745Z,0,0,0
2025-06-10T05:40:45.753Z,0,0,0
2025-06-10T05:40:46.759Z,0,0,0
2025-06-10T05:40:47.767Z,0,0,0
2025-06-10T05:40:48.773Z,0,0,0
2025-06-10T05:40:49.781Z,0,0,0
2025-06-10T05:40:50.789Z,0,0,0
2025-06-10T05:40:51.796Z,0,0,0
2025-06-10T05:40:52.800Z,0,0,0
2025-06-10T05:40:53.808Z,0,0,0
2025-06-10T05:40:54.815Z,0,0,0
2025-06-10T05:40:55.824Z,0,0,0
2025-06-10T05:40:56.831Z,0,0,0
2025-06-10T05:40:57.837Z,0,0,0
2025-06-10T05:40:58.845Z,0,0,0
2025-06-10T05:40:59.846Z,0,0,0
2025-06-10T05:41:00.849Z,0,0,0
2025-06-10T05:41:01.855Z,0,0,0
2025-06-10T05:41:02.859Z,0,0,0
2025-06-10T05:41:03.864Z,0,0,0
2025-06-10T05:41:04.867Z,0,0,0
2025-06-10T05:41:05.874Z,0,0,0
2025-06-10T05:41:06.884Z,0,0,0
2025-06-10T05:41:07.890Z,0,0,0
2025-06-10T05:41:08.896Z,0,0,0
2025-06-10T05:41:09.903Z,0,0,0
2025-06-10T05:41:10.910Z,0,0,0
2025-06-10T05:41:11.919Z,0,0,0
2025-06-10T05:41:12.924Z,0,0,0
2025-06-10T05:41:13.932Z,0,0,0
2025-06-10T05:41:14.939Z,0,0,0
2025-06-10T05:41:15.945Z,0,0,0
2025-06-10T05:41:16.952Z,0,0,0
2025-06-10T05:41:17.960Z,0,0,0
2025-06-10T05:41:18.969Z,0,0,0
2025-06-10T05:41:19.974Z,0,0,0
2025-06-10T05:41:20.980Z,0,0,0
2025-06-10T05:41:21.987Z,0,0,0
2025-06-10T05:41:22.995Z,0,0,0
2025-06-10T05:41:23.997Z,0,0,0
2025-06-10T05:41:25.006Z,0,0,0
2025-06-10T05:41:26.010Z,0,0,0
2025-06-10T05:41:27.016Z,0,0,0
2025-06-10T05:41:28.022Z,0,0,0
2025-06-10T05:41:29.029Z,0,0,0
2025-06-10T05:41:30.037Z,0,0,0
2025-06-10T05:41:31.044Z,0,0,0
2025-06-10T05:41:32.053Z,0,0,0
2025-06-10T05:41:33.059Z,0,0,0
2025-06-10T05:41:34.064Z,0,0,0
2025-06-10T05:41:35.072Z,0,0,0
2025-06-10T05:41:36.079Z,0,0,0
2025-06-10T05:41:37.085Z,0,0,0
2025-06-10T05:41:38.090Z,0,0,0
2025-06-10T05:41:39.098Z,0,0,0
2025-06-10T05:41:40.101Z,0,0,0
2025-06-10T05:41:41.104Z,0,0,0
2025-06-10T05:41:42.113Z,0,0,0
2025-06-10T05:41:43.121Z,0,0,0
2025-06-10T05:41:44.122Z,0,0,0
2025-06-10T05:41:45.126Z,0,0,0
2025-06-10T05:41:46.130Z,0,0,0
2025-06-10T05:41:47.135Z,0,0,0
2025-06-10T05:41:48.136Z,0,0,0
2025-06-10T05:41:49.148Z,0,0,0
2025-06-10T05:41:50.155Z,0,0,0
2025-06-10T05:41:51.158Z,0,0,0
2025-06-10T05:41:52.164Z,0,0,0
2025-06-10T05:41:53.172Z,0,0,0
2025-06-10T05:41:54.177Z,0,0,0
2025-06-10T05:41:55.184Z,0,0,0
2025-06-10T05:41:56.190Z,0,0,0
2025-06-10T05:41:57.195Z,0,0,0
2025-06-10T05:41:58.199Z,0,0,0
2025-06-10T05:41:59.206Z,0,0,0
2025-06-10T05:42:00.206Z,0,0,0
2025-06-10T05:42:01.220Z,0,0,0
2025-06-10T05:42:02.228Z,0,0,0
2025-06-10T05:42:03.235Z,0,0,0
2025-06-10T05:42:04.242Z,0,0,0
2025-06-10T05:42:05.250Z,0,0,0
2025-06-10T05:42:06.254Z,0,0,0
2025-06-10T05:42:07.261Z,0,0,0
2025-06-10T05:42:08.267Z,0,0,0
2025-06-10T05:42:09.274Z,0,0,0
2025-06-10T05:42:10.279Z,0,0,0
2025-06-10T05:42:11.284Z,0,0,0
2025-06-10T05:42:12.288Z,0,0,0
2025-06-10T05:42:13.288Z,0,0,0
2025-06-10T05:42:14.292Z,0,0,0
2025-06-10T05:42:15.300Z,0,0,0
2025-06-10T05:42:16.307Z,0,0,0
2025-06-10T05:42:17.313Z,0,0,0
2025-06-10T05:42:18.321Z,0,0,0
2025-06-10T05:42:19.329Z,0,0,0
2025-06-10T05:42:20.334Z,0,0,0
2025-06-10T05:42:21.341Z,0,0,0
2025-06-10T05:42:22.346Z,0,0,0
2025-06-10T05:42:23.351Z,0,0,0
2025-06-10T05:42:24.356Z,0,0,0
2025-06-10T05:42:25.362Z,0,0,0
2025-06-10T05:42:26.367Z,0,0,0
2025-06-10T05:42:27.375Z,0,0,0
2025-06-10T05:42:28.379Z,0,0,0
2025-06-10T05:42:29.384Z,0,0,0
2025-06-10T05:42:30.391Z,0,0,0
2025-06-10T05:42:31.407Z,0,0,0
2025-06-10T05:42:32.411Z,0,0,0
2025-06-10T05:42:33.418Z,0,0,0
2025-06-10T05:42:34.422Z,0,0,0
2025-06-10T05:42:35.425Z,0,0,0
2025-06-10T05:42:36.435Z,0,0,0
2025-06-10T05:42:37.440Z,0,0,0
2025-06-10T05:42:38.449Z,0,0,0
2025-06-10T05:42:39.455Z,0,0,0
2025-06-10T05:42:40.462Z,0,0,0
2025-06-10T05:42:41.471Z,0,0,0
2025-06-10T05:42:42.479Z,0,0,0
2025-06-10T05:42:43.486Z,0,0,0
2025-06-10T05:42:44.493Z,0,0,0
2025-06-10T05:42:45.497Z,0,0,0
2025-06-10T05:42:46.504Z,0,0,0
2025-06-10T05:42:47.511Z,0,0,0
2025-06-10T05:42:48.517Z,0,0,0
2025-06-10T05:42:49.521Z,0,0,0
2025-06-10T05:42:50.530Z,0,0,0
2025-06-10T05:42:51.538Z,0,0,0
2025-06-10T05:42:52.543Z,0,0,0
2025-06-10T05:42:53.550Z,0,0,0
2025-06-10T05:42:54.558Z,0,0,0
2025-06-10T05:42:55.561Z,0,0,0
2025-06-10T05:42:56.567Z,0,0,0
2025-06-10T05:42:57.567Z,0,0,0
2025-06-10T05:42:58.573Z,0,0,0
2025-06-10T05:42:59.583Z,0,0,0
2025-06-10T05:43:00.590Z,0,0,0
2025-06-10T05:43:01.593Z,0,0,0
2025-06-10T05:43:02.608Z,0,0,0
2025-06-10T05:43:03.614Z,0,0,0
2025-06-10T05:43:04.615Z,0,0,0
2025-06-10T05:43:05.627Z,0,0,0
2025-06-10T05:43:06.632Z,0,0,0
2025-06-10T05:43:07.639Z,0,0,0
2025-06-10T05:43:08.648Z,0,0,0
2025-06-10T05:43:09.651Z,0,0,0
2025-06-10T05:43:10.650Z,0,0,0
2025-06-10T05:43:11.654Z,0,0,0
2025-06-10T05:43:12.662Z,0,0,0
2025-06-10T05:43:13.665Z,0,0,0
2025-06-10T05:43:14.673Z,0,0,0
2025-06-10T05:43:15.675Z,0,0,0
2025-06-10T05:43:16.685Z,0,0,0
2025-06-10T05:43:17.693Z,0,0,0
2025-06-10T05:43:18.699Z,0,0,0
2025-06-10T05:43:19.707Z,0,0,0
2025-06-10T05:43:20.712Z,0,0,0
2025-06-10T05:43:21.719Z,0,0,0
2025-06-10T05:43:22.723Z,0,0,0
2025-06-10T05:43:23.739Z,0,0,0
2025-06-10T05:43:24.744Z,0,0,0
2025-06-10T05:43:25.749Z,0,0,0
2025-06-10T05:43:26.760Z,0,0,0
2025-06-10T05:43:27.768Z,0,0,0
2025-06-10T05:43:28.773Z,0,0,0
2025-06-10T05:43:29.783Z,0,0,0
2025-06-10T05:43:30.792Z,0,0,0
2025-06-10T05:43:31.798Z,0,0,0
2025-06-10T05:43:32.807Z,0,0,0
2025-06-10T05:43:33.816Z,0,0,0
2025-06-10T05:43:34.823Z,0,0,0
2025-06-10T05:43:35.829Z,0,0,0
2025-06-10T05:43:36.836Z,0,0,0
2025-06-10T05:43:37.845Z,0,0,0
2025-06-10T05:43:38.852Z,0,0,0
2025-06-10T05:43:39.859Z,0,0,0
2025-06-10T05:43:40.859Z,0,0,0
2025-06-10T05:43:41.871Z,0,0,0
2025-06-10T05:43:42.878Z,0,0,0
2025-06-10T05:43:43.885Z,0,0,0
2025-06-10T05:43:44.891Z,0,0,0
2025-06-10T05:43:45.895Z,0,0,0
2025-06-10T05:43:46.902Z,0,0,0
2025-06-10T05:43:47.908Z,0,0,0
2025-06-10T05:43:48.916Z,0,0,0
2025-06-10T05:43:49.922Z,0,0,0
2025-06-10T05:43:50.929Z,0,0,0
2025-06-10T05:43:51.936Z,0,0,0
2025-06-10T05:43:52.944Z,0,0,0
2025-06-10T05:43:53.955Z,0,0,0
2025-06-10T05:43:54.961Z,0,0,0
2025-06-10T05:43:55.965Z,0,0,0
2025-06-10T05:43:56.972Z,0,0,0
2025-06-10T05:43:57.971Z,0,0,0
2025-06-10T05:43:58.977Z,0,0,0
2025-06-10T05:43:59.982Z,0,0,0
2025-06-10T05:44:00.990Z,0,0,0
2025-06-10T05:44:01.997Z,0,0,0
2025-06-10T05:44:03.003Z,0,0,0
2025-06-10T05:44:04.008Z,0,0,0
2025-06-10T05:44:05.013Z,0,0,0
2025-06-10T05:44:06.021Z,0,0,0
2025-06-10T05:44:07.027Z,0,0,0
2025-06-10T05:44:08.031Z,0,0,0
2025-06-10T05:44:09.036Z,0,0,0
2025-06-10T05:44:10.040Z,0,0,0
2025-06-10T05:44:11.047Z,0,0,0
2025-06-10T05:44:12.053Z,0,0,0
2025-06-10T05:44:13.053Z,0,0,0
2025-06-10T05:44:14.057Z,0,0,0
2025-06-10T05:44:15.062Z,0,0,0
2025-06-10T05:44:16.067Z,0,0,0
2025-06-10T05:44:17.070Z,0,0,0
2025-06-10T05:44:18.078Z,0,0,0
2025-06-10T05:44:19.084Z,0,0,0
2025-06-10T05:44:20.091Z,0,0,0
2025-06-10T05:44:21.098Z,0,0,0
2025-06-10T05:44:22.107Z,0,0,0
2025-06-10T05:44:23.114Z,0,0,0
2025-06-10T05:44:24.120Z,0,0,0
2025-06-10T05:44:25.124Z,0,0,0
2025-06-10T05:44:26.131Z,0,0,0
2025-06-10T05:44:27.135Z,0,0,0
2025-06-10T05:44:28.144Z,0,0,0
2025-06-10T05:44:29.153Z,0,0,0
2025-06-10T05:44:30.163Z,0,0,0
2025-06-10T05:44:31.171Z,0,0,0
2025-06-10T05:44:32.180Z,0,0,0
2025-06-10T05:44:33.186Z,0,0,0
2025-06-10T05:44:34.194Z,0,0,0
2025-06-10T05:44:35.203Z,0,0,0
2025-06-10T05:44:36.211Z,0,0,0
2025-06-10T05:44:37.216Z,0,0,0
2025-06-10T05:44:38.221Z,0,0,0
2025-06-10T05:44:39.238Z,0,0,0
2025-06-10T05:44:40.236Z,0,0,0
2025-06-10T05:44:41.245Z,0,0,0
2025-06-10T05:44:42.252Z,0,0,0
2025-06-10T05:44:43.258Z,0,0,0
2025-06-10T05:44:44.265Z,0,0,0
2025-06-10T05:44:45.272Z,0,0,0
2025-06-10T05:44:46.281Z,0,0,0
2025-06-10T05:44:47.287Z,0,0,0
2025-06-10T05:44:48.294Z,0,0,0
2025-06-10T05:44:49.301Z,0,0,0
2025-06-10T05:44:50.306Z,0,0,0
2025-06-10T05:44:51.311Z,0,0,0
2025-06-10T05:44:52.315Z,0,0,0
2025-06-10T05:44:53.329Z,0,0,0
2025-06-10T05:44:54.333Z,0,0,0
2025-06-10T05:44:55.336Z,0,0,0
2025-06-10T05:44:56.343Z,0,0,0
2025-06-10T05:44:57.346Z,0,0,0
2025-06-10T05:44:58.351Z,0,0,0
2025-06-10T05:44:59.357Z,0,0,0
2025-06-10T05:45:00.363Z,0,0,0
2025-06-10T05:45:01.369Z,0,0,0
2025-06-10T05:45:02.372Z,0,0,0
2025-06-10T05:45:03.380Z,0,0,0
2025-06-10T05:45:04.389Z,0,0,0
2025-06-10T05:45:05.396Z,0,0,0
2025-06-10T05:45:06.401Z,0,0,0
2025-06-10T05:45:07.405Z,0,0,0
2025-06-10T05:45:08.409Z,0,0,0
2025-06-10T05:45:09.415Z,0,0,0
2025-06-10T05:45:10.424Z,0,0,0
2025-06-10T05:45:11.431Z,0,0,0
2025-06-10T05:45:12.436Z,0,0,0
2025-06-10T05:45:13.440Z,0,0,0
2025-06-10T05:45:14.445Z,0,0,0
2025-06-10T05:45:15.452Z,0,0,0
2025-06-10T05:45:16.462Z,0,0,0
2025-06-10T05:45:17.468Z,0,0,0
2025-06-10T05:45:18.472Z,0,0,0
2025-06-10T05:45:19.480Z,0,0,0
2025-06-10T05:45:20.486Z,0,0,0
2025-06-10T05:45:21.495Z,0,0,0
2025-06-10T05:45:22.502Z,0,0,0
2025-06-10T05:45:23.511Z,0,0,0
2025-06-10T05:45:24.515Z,0,0,0
2025-06-10T05:45:25.516Z,0,0,0
2025-06-10T05:45:26.531Z,0,0,0
2025-06-10T05:45:27.543Z,0,0,0
2025-06-10T05:45:28.550Z,0,0,0
2025-06-10T05:45:29.564Z,0,0,0
2025-06-10T05:45:30.576Z,0,0,0
2025-06-10T05:45:31.590Z,0,0,0
2025-06-10T05:45:32.603Z,0,0,0
2025-06-10T05:45:33.608Z,0,0,0
2025-06-10T05:45:34.609Z,0,0,0
2025-06-10T05:45:35.615Z,0,0,0
2025-06-10T05:45:36.616Z,0,0,0
2025-06-10T05:45:37.621Z,0,0,0
2025-06-10T05:45:38.623Z,0,0,0
2025-06-10T05:45:39.625Z,0,0,0
2025-06-10T05:45:40.631Z,0,0,0
2025-06-10T05:45:41.633Z,0,0,0
2025-06-10T05:45:42.633Z,0,0,0
2025-06-10T05:45:43.634Z,0,0,0
2025-06-10T05:45:44.647Z,0,0,0
2025-06-10T05:45:45.661Z,0,0,0
2025-06-10T05:45:46.676Z,0,0,0
2025-06-10T05:45:47.690Z,0,0,0
2025-06-10T05:45:48.705Z,0,0,0
2025-06-10T05:45:49.705Z,0,0,0
2025-06-10T05:45:50.711Z,0,0,0
2025-06-10T05:45:51.716Z,0,0,0
2025-06-10T05:45:52.719Z,0,0,0
2025-06-10T05:45:53.719Z,0,0,0
2025-06-10T05:45:54.731Z,0,0,0
2025-06-10T05:45:55.732Z,0,0,0
2025-06-10T05:45:56.745Z,0,0,0
2025-06-10T05:45:57.759Z,0,0,0
2025-06-10T05:45:58.772Z,0,0,0
2025-06-10T05:45:59.774Z,0,0,0
2025-06-10T05:46:00.775Z,0,0,0
2025-06-10T05:46:01.781Z,0,0,0
2025-06-10T05:46:02.785Z,0,0,0
2025-06-10T05:46:03.791Z,0,0,0
2025-06-10T05:46:04.795Z,0,0,0
2025-06-10T05:46:05.803Z,0,0,0
2025-06-10T05:46:06.809Z,0,0,0
2025-06-10T05:46:07.829Z,0,0,0
2025-06-10T05:46:08.821Z,0,0,0
2025-06-10T05:46:09.827Z,0,0,0
2025-06-10T05:46:10.832Z,0,0,0
2025-06-10T05:46:11.833Z,0,0,0
2025-06-10T05:46:12.842Z,0,0,0
2025-06-10T05:46:13.841Z,0,0,0
2025-06-10T05:46:14.847Z,0,0,0
2025-06-10T05:46:15.852Z,0,0,0
2025-06-10T05:46:16.862Z,0,0,0
2025-06-10T05:46:17.869Z,0,0,0
2025-06-10T05:46:18.873Z,0,0,0
2025-06-10T05:46:19.881Z,0,0,0
2025-06-10T05:46:20.882Z,0,0,0
2025-06-10T05:46:21.888Z,0,0,0
2025-06-10T05:46:22.892Z,0,0,0
2025-06-10T05:46:23.898Z,0,0,0
2025-06-10T05:46:24.906Z,0,0,0
2025-06-10T05:46:25.910Z,0,0,0
2025-06-10T05:46:26.915Z,0,0,0
2025-06-10T05:46:27.922Z,0,0,0
2025-06-10T05:46:28.925Z,0,0,0
2025-06-10T05:46:29.929Z,0,0,0
2025-06-10T05:46:30.934Z,0,0,0
2025-06-10T05:46:31.938Z,0,0,0
2025-06-10T05:46:32.943Z,0,0,0
2025-06-10T05:46:33.948Z,0,0,0
2025-06-10T05:46:34.953Z,0,0,0
2025-06-10T05:46:35.953Z,0,0,0
2025-06-10T05:46:36.953Z,0,0,0
2025-06-10T05:46:37.967Z,0,0,0
2025-06-10T05:46:38.969Z,0,0,0
2025-06-10T05:46:39.971Z,0,0,0
2025-06-10T05:46:40.985Z,0,0,0
2025-06-10T05:46:41.986Z,0,0,0
2025-06-10T05:46:43.002Z,0,0,0
2025-06-10T05:46:44.004Z,0,0,0
2025-06-10T05:46:45.016Z,0,0,0
2025-06-10T05:46:46.029Z,0,0,0
2025-06-10T05:46:47.045Z,0,0,0
2025-06-10T05:46:48.045Z,0,0,0
2025-06-10T05:46:49.046Z,0,0,0
2025-06-10T05:46:50.047Z,0,0,0
2025-06-10T05:46:51.049Z,0,0,0
2025-06-10T05:46:52.051Z,0,0,0
2025-06-10T05:46:53.053Z,0,0,0
2025-06-10T05:46:54.067Z,0,0,0
2025-06-10T05:46:55.067Z,0,0,0
2025-06-10T05:46:56.083Z,0,0,0
2025-06-10T05:46:57.097Z,0,0,0
2025-06-10T05:46:58.097Z,0,0,0
2025-06-10T05:46:59.111Z,0,0,0
2025-06-10T05:47:00.122Z,0,0,0
2025-06-10T05:47:01.137Z,0,0,0
2025-06-10T05:47:02.137Z,0,0,0
2025-06-10T05:47:03.150Z,0,0,0
2025-06-10T05:47:04.162Z,0,0,0
2025-06-10T05:47:05.162Z,0,0,0
2025-06-10T05:47:06.177Z,0,0,0
2025-06-10T05:47:07.189Z,0,0,0
2025-06-10T05:47:08.204Z,0,0,0
2025-06-10T05:47:09.207Z,0,0,0
2025-06-10T05:47:10.223Z,0,0,0
2025-06-10T05:47:11.235Z,0,0,0
2025-06-10T05:47:12.249Z,0,0,0
2025-06-10T05:47:13.250Z,0,0,0
2025-06-10T05:47:14.259Z,0,0,0
2025-06-10T05:47:15.263Z,0,0,0
2025-06-10T05:47:16.271Z,0,0,0
2025-06-10T05:47:17.275Z,0,0,0
2025-06-10T05:47:18.275Z,0,0,0
2025-06-10T05:47:19.278Z,0,0,0
2025-06-10T05:47:20.281Z,0,0,0
2025-06-10T05:47:21.285Z,0,0,0
2025-06-10T05:47:22.292Z,0,0,0
2025-06-10T05:47:23.294Z,0,0,0
2025-06-10T05:47:24.302Z,0,0,0
2025-06-10T05:47:25.306Z,0,0,0
2025-06-10T05:47:26.311Z,0,0,0
2025-06-10T05:47:27.315Z,0,0,0
2025-06-10T05:47:28.319Z,0,0,0
2025-06-10T05:47:29.327Z,0,0,0
2025-06-10T05:47:30.333Z,0,0,0
2025-06-10T05:47:31.335Z,0,0,0
2025-06-10T05:47:32.343Z,0,0,0
2025-06-10T05:47:33.347Z,0,0,0
2025-06-10T05:47:34.350Z,0,0,0
2025-06-10T05:47:35.363Z,0,0,0
2025-06-10T05:47:36.369Z,0,0,0
2025-06-10T05:47:37.376Z,0,0,0
2025-06-10T05:47:38.385Z,0,0,0
2025-06-10T05:47:39.392Z,0,0,0
2025-06-10T05:47:40.397Z,0,0,0
2025-06-10T05:47:41.405Z,0,0,0
2025-06-10T05:47:42.412Z,0,0,0
2025-06-10T05:47:43.418Z,0,0,0
2025-06-10T05:47:44.426Z,0,0,0
2025-06-10T05:47:45.434Z,0,0,0
2025-06-10T05:47:46.441Z,0,0,0
2025-06-10T05:47:47.447Z,0,0,0
2025-06-10T05:47:48.455Z,0,0,0
2025-06-10T05:47:49.461Z,0,0,0
2025-06-10T05:47:50.466Z,0,0,0
2025-06-10T05:47:51.472Z,0,0,0
2025-06-10T05:47:52.481Z,0,0,0
2025-06-10T05:47:53.488Z,0,0,0
2025-06-10T05:47:54.494Z,0,0,0
2025-06-10T05:47:55.498Z,0,0,0
2025-06-10T05:47:56.502Z,0,0,0
2025-06-10T05:47:57.511Z,0,0,0
2025-06-10T05:47:58.520Z,0,0,0
2025-06-10T05:47:59.529Z,0,0,0
2025-06-10T05:48:00.537Z,0,0,0
2025-06-10T05:48:01.540Z,0,0,0
2025-06-10T05:48:02.548Z,0,0,0
2025-06-10T05:48:03.562Z,0,0,0
2025-06-10T05:48:04.563Z,0,0,0
2025-06-10T05:48:05.580Z,0,0,0
2025-06-10T05:48:06.586Z,0,0,0
2025-06-10T05:48:07.596Z,0,0,0
2025-06-10T05:48:08.600Z,0,0,0
2025-06-10T05:48:09.607Z,0,0,0
2025-06-10T05:48:10.615Z,0,0,0
2025-06-10T05:48:11.620Z,0,0,0
2025-06-10T05:48:12.627Z,0,0,0
2025-06-10T05:48:13.630Z,0,0,0
2025-06-10T05:48:14.640Z,0,0,0
2025-06-10T05:48:15.643Z,0,0,0
2025-06-10T05:48:16.651Z,0,0,0
2025-06-10T05:48:17.655Z,0,0,0
2025-06-10T05:48:18.661Z,0,0,0
2025-06-10T05:48:19.670Z,0,0,0
2025-06-10T05:48:20.675Z,0,0,0
2025-06-10T05:48:21.675Z,0,0,0
2025-06-10T05:48:22.691Z,0,0,0
2025-06-10T05:48:23.698Z,0,0,0
2025-06-10T05:48:24.705Z,0,0,0
2025-06-10T05:48:25.713Z,0,0,0
2025-06-10T05:48:26.720Z,0,0,0
2025-06-10T05:48:27.727Z,0,0,0
2025-06-10T05:48:28.734Z,0,0,0
2025-06-10T05:48:29.741Z,0,0,0
2025-06-10T05:48:30.747Z,0,0,0
2025-06-10T05:48:31.756Z,0,0,0
2025-06-10T05:48:32.764Z,0,0,0
2025-06-10T05:48:33.768Z,0,0,0
2025-06-10T05:48:34.775Z,0,0,0
2025-06-10T05:48:35.781Z,0,0,0
2025-06-10T05:48:36.789Z,0,0,0
2025-06-10T05:48:37.797Z,0,0,0
2025-06-10T05:48:38.801Z,0,0,0
2025-06-10T05:48:39.810Z,0,0,0
2025-06-10T05:48:40.811Z,0,0,0
2025-06-10T05:48:41.818Z,0,0,0
2025-06-10T05:48:42.831Z,0,0,0
2025-06-10T05:48:43.831Z,0,0,0
2025-06-10T05:48:44.831Z,0,0,0
2025-06-10T05:48:45.843Z,0,0,0
2025-06-10T05:48:46.852Z,0,0,0
2025-06-10T05:48:47.857Z,0,0,0
2025-06-10T05:48:48.864Z,0,0,0
2025-06-10T05:48:49.871Z,0,0,0
2025-06-10T05:48:50.878Z,0,0,0
2025-06-10T05:48:51.881Z,0,0,0
2025-06-10T05:48:52.887Z,0,0,0
2025-06-10T05:48:53.894Z,0,0,0
2025-06-10T05:48:54.900Z,0,0,0
2025-06-10T05:48:55.908Z,0,0,0
2025-06-10T05:48:56.908Z,0,0,0
2025-06-10T05:48:57.921Z,0,0,0
2025-06-10T05:48:58.923Z,0,0,0
2025-06-10T05:48:59.930Z,0,0,0
2025-06-10T05:49:00.940Z,0,0,0
2025-06-10T05:49:01.944Z,0,0,0
2025-06-10T05:49:02.950Z,0,0,0
2025-06-10T05:49:03.957Z,0,0,0
2025-06-10T05:49:04.963Z,0,0,0
2025-06-10T05:49:05.969Z,0,0,0
2025-06-10T05:49:06.974Z,0,0,0
2025-06-10T05:49:07.975Z,0,0,0
2025-06-10T05:49:08.988Z,0,0,0
2025-06-10T05:49:09.994Z,0,0,0
2025-06-10T05:49:10.998Z,0,0,0
2025-06-10T05:49:12.006Z,0,0,0
2025-06-10T05:49:13.004Z,0,0,0
2025-06-10T05:49:14.011Z,0,0,0
2025-06-10T05:49:15.018Z,0,0,0
2025-06-10T05:49:16.023Z,0,0,0
2025-06-10T05:49:17.031Z,0,0,0
2025-06-10T05:49:18.039Z,0,0,0
2025-06-10T05:49:19.044Z,0,0,0
2025-06-10T05:49:20.053Z,0,0,0
2025-06-10T05:49:21.059Z,0,0,0
2025-06-10T05:49:22.069Z,0,0,0
2025-06-10T05:49:23.072Z,0,0,0
2025-06-10T05:49:24.080Z,0,0,0
2025-06-10T05:49:25.086Z,0,0,0
2025-06-10T05:49:26.095Z,0,0,0
2025-06-10T05:49:27.102Z,0,0,0
2025-06-10T05:49:28.107Z,0,0,0
2025-06-10T05:49:29.115Z,0,0,0
2025-06-10T05:49:30.121Z,0,0,0
2025-06-10T05:49:31.126Z,0,0,0
2025-06-10T05:49:32.133Z,0,0,0
2025-06-10T05:49:33.139Z,0,0,0
2025-06-10T05:49:34.146Z,0,0,0
2025-06-10T05:49:35.149Z,0,0,0
2025-06-10T05:49:36.156Z,0,0,0
2025-06-10T05:49:37.162Z,0,0,0
2025-06-10T05:49:38.170Z,0,0,0
2025-06-10T05:49:39.180Z,0,0,0
2025-06-10T05:49:40.188Z,0,0,0
2025-06-10T05:49:41.193Z,0,0,0
2025-06-10T05:49:42.197Z,0,0,0
2025-06-10T05:49:43.200Z,0,0,0
2025-06-10T05:49:44.208Z,0,0,0
2025-06-10T05:49:45.215Z,0,0,0
2025-06-10T05:49:46.220Z,0,0,0
2025-06-10T05:49:47.227Z,0,0,0
2025-06-10T05:49:48.233Z,0,0,0
2025-06-10T05:49:49.232Z,0,0,0
2025-06-10T05:49:50.249Z,0,0,0
2025-06-10T05:49:51.256Z,0,0,0
2025-06-10T05:49:52.260Z,0,0,0
2025-06-10T05:49:53.264Z,0,0,0
2025-06-10T05:49:54.269Z,0,0,0
2025-06-10T05:49:55.274Z,0,0,0
2025-06-10T05:49:56.279Z,0,0,0
2025-06-10T05:49:57.286Z,0,0,0
2025-06-10T05:49:58.292Z,0,0,0
2025-06-10T05:49:59.292Z,0,0,0
2025-06-10T05:50:00.296Z,0,0,0
2025-06-10T05:50:01.303Z,0,0,0
2025-06-10T05:50:02.316Z,0,0,0
2025-06-10T05:50:03.323Z,0,0,0
2025-06-10T05:50:04.329Z,0,0,0
2025-06-10T05:50:05.332Z,0,0,0
2025-06-10T05:50:06.342Z,0,0,0
2025-06-10T05:50:07.348Z,0,0,0
2025-06-10T05:50:08.353Z,0,0,0
2025-06-10T05:50:09.359Z,0,0,0
2025-06-10T05:50:10.368Z,0,0,0
2025-06-10T05:50:11.373Z,0,0,0
2025-06-10T05:50:12.381Z,0,0,0
2025-06-10T05:50:13.380Z,0,0,0
2025-06-10T05:50:14.385Z,0,0,0
2025-06-10T05:50:15.387Z,0,0,0
2025-06-10T05:50:16.393Z,0,0,0
2025-06-10T05:50:17.401Z,0,0,0
2025-06-10T05:50:18.408Z,0,0,0
2025-06-10T05:50:19.416Z,0,0,0
2025-06-10T05:50:20.424Z,0,0,0
2025-06-10T05:50:21.429Z,0,0,0
2025-06-10T05:50:22.437Z,0,0,0
2025-06-10T05:50:23.443Z,0,0,0
2025-06-10T05:50:24.447Z,0,0,0
2025-06-10T05:50:25.459Z,0,0,0
2025-06-10T05:50:26.464Z,0,0,0
2025-06-10T05:50:27.470Z,0,0,0
2025-06-10T05:50:28.476Z,0,0,0
2025-06-10T05:50:29.484Z,0,0,0
2025-06-10T05:50:30.491Z,0,0,0
2025-06-10T05:50:31.497Z,0,0,0
2025-06-10T05:50:32.503Z,0,0,0
2025-06-10T05:50:33.509Z,0,0,0
2025-06-10T05:50:34.514Z,0,0,0
2025-06-10T05:50:35.517Z,0,0,0
2025-06-10T05:50:36.517Z,0,0,0
2025-06-10T05:50:37.531Z,0,0,0
2025-06-10T05:50:38.538Z,0,0,0
2025-06-10T05:50:39.545Z,0,0,0
2025-06-10T05:50:40.552Z,0,0,0
2025-06-10T05:50:41.557Z,0,0,0
2025-06-10T05:50:42.566Z,0,0,0
2025-06-10T05:50:43.570Z,0,0,0
2025-06-10T05:50:44.575Z,0,0,0
2025-06-10T05:50:45.584Z,0,0,0
2025-06-10T05:50:46.592Z,0,0,0
2025-06-10T05:50:47.600Z,0,0,0
2025-06-10T05:50:48.610Z,0,0,0
2025-06-10T05:50:49.619Z,0,0,0
2025-06-10T05:50:50.624Z,0,0,0
2025-06-10T05:50:51.631Z,0,0,0
2025-06-10T05:50:52.636Z,0,0,0
2025-06-10T05:50:53.644Z,0,0,0
2025-06-10T05:50:54.649Z,0,0,0
2025-06-10T05:50:55.652Z,0,0,0
2025-06-10T05:50:56.657Z,0,0,0
2025-06-10T05:50:57.662Z,0,0,0
2025-06-10T05:50:58.668Z,0,0,0
2025-06-10T05:50:59.672Z,0,0,0
2025-06-10T05:51:00.678Z,0,0,0
2025-06-10T05:51:01.685Z,0,0,0
2025-06-10T05:51:02.688Z,0,0,0
2025-06-10T05:51:03.695Z,0,0,0
2025-06-10T05:51:04.700Z,0,0,0
2025-06-10T05:51:05.705Z,0,0,0
2025-06-10T05:51:06.714Z,0,0,0
2025-06-10T05:51:07.720Z,0,0,0
2025-06-10T05:51:08.728Z,0,0,0
2025-06-10T05:51:09.735Z,0,0,0
2025-06-10T05:51:10.741Z,0,0,0
2025-06-10T05:51:11.745Z,0,0,0
2025-06-10T05:51:12.755Z,0,0,0
2025-06-10T05:51:13.761Z,0,0,0
2025-06-10T05:51:14.765Z,0,0,0
2025-06-10T05:51:15.778Z,0,0,0
2025-06-10T05:51:16.793Z,0,0,0
2025-06-10T05:51:17.795Z,0,0,0
2025-06-10T05:51:18.803Z,0,0,0
2025-06-10T05:51:19.807Z,0,0,0
2025-06-10T05:51:20.813Z,0,0,0
2025-06-10T05:51:21.819Z,0,0,0
2025-06-10T05:51:22.826Z,0,0,0
2025-06-10T05:51:23.828Z,0,0,0
2025-06-10T05:51:24.832Z,0,0,0
2025-06-10T05:51:25.836Z,0,0,0
2025-06-10T05:51:26.840Z,0,0,0
2025-06-10T05:51:27.848Z,0,0,0
2025-06-10T05:51:28.849Z,0,0,0
2025-06-10T05:51:29.859Z,0,0,0
2025-06-10T05:51:30.872Z,0,0,0
2025-06-10T05:51:31.873Z,0,0,0
2025-06-10T05:51:32.879Z,0,0,0
2025-06-10T05:51:33.883Z,0,0,0
2025-06-10T05:51:34.892Z,0,0,0
2025-06-10T05:51:35.902Z,0,0,0
2025-06-10T05:51:36.908Z,0,0,0
2025-06-10T05:51:37.915Z,0,0,0
2025-06-10T05:51:38.922Z,0,0,0
2025-06-10T05:51:39.929Z,0,0,0
2025-06-10T05:51:40.936Z,0,0,0
2025-06-10T05:51:41.942Z,0,0,0
2025-06-10T05:51:42.948Z,0,0,0
2025-06-10T05:51:43.951Z,0,0,0
2025-06-10T05:51:44.958Z,0,0,0
2025-06-10T05:51:45.962Z,0,0,0
2025-06-10T05:51:46.966Z,0,0,0
2025-06-10T05:51:47.970Z,0,0,0
2025-06-10T05:51:48.979Z,0,0,0
2025-06-10T05:51:49.987Z,0,0,0
2025-06-10T05:51:50.994Z,0,0,0
2025-06-10T05:51:52.000Z,0,0,0
2025-06-10T05:51:53.003Z,0,0,0
2025-06-10T05:51:54.005Z,0,0,0
2025-06-10T05:51:55.005Z,0,0,0
2025-06-10T05:51:56.006Z,0,0,0
2025-06-10T05:51:57.012Z,0,0,0
2025-06-10T05:51:58.017Z,0,0,0
2025-06-10T05:51:59.023Z,0,0,0
2025-06-10T05:52:00.028Z,0,0,0
2025-06-10T05:52:01.035Z,0,0,0
2025-06-10T05:52:02.040Z,0,0,0
2025-06-10T05:52:03.048Z,0,0,0
2025-06-10T05:52:04.053Z,0,0,0
2025-06-10T05:52:05.061Z,0,0,0
2025-06-10T05:52:06.066Z,0,0,0
2025-06-10T05:52:07.070Z,0,0,0
2025-06-10T05:52:08.077Z,0,0,0
2025-06-10T05:52:09.084Z,0,0,0
2025-06-10T05:52:10.091Z,0,0,0
2025-06-10T05:52:11.098Z,0,0,0
2025-06-10T05:52:12.102Z,0,0,0
2025-06-10T05:52:13.108Z,0,0,0
2025-06-10T05:52:14.110Z,0,0,0
2025-06-10T05:52:15.111Z,0,0,0
2025-06-10T05:52:16.122Z,0,0,0
2025-06-10T05:52:17.129Z,0,0,0
2025-06-10T05:52:18.137Z,0,0,0
2025-06-10T05:52:19.141Z,0,0,0
2025-06-10T05:52:20.148Z,0,0,0
2025-06-10T05:52:21.155Z,0,0,0
2025-06-10T05:52:22.163Z,0,0,0
2025-06-10T05:52:23.168Z,0,0,0
2025-06-10T05:52:24.174Z,0,0,0
2025-06-10T05:52:25.181Z,0,0,0
2025-06-10T05:52:26.188Z,0,0,0
2025-06-10T05:52:27.197Z,0,0,0
2025-06-10T05:52:28.205Z,0,0,0
2025-06-10T05:52:29.210Z,0,0,0
2025-06-10T05:52:30.218Z,0,0,0
2025-06-10T05:52:31.226Z,0,0,0
2025-06-10T05:52:32.233Z,0,0,0
2025-06-10T05:52:33.240Z,0,0,0
2025-06-10T05:52:34.247Z,0,0,0
2025-06-10T05:52:35.253Z,0,0,0
2025-06-10T05:52:36.256Z,0,0,0
2025-06-10T05:52:37.261Z,0,0,0
2025-06-10T05:52:38.271Z,0,0,0
2025-06-10T05:52:39.276Z,0,0,0
2025-06-10T05:52:40.281Z,0,0,0
2025-06-10T05:52:41.289Z,0,0,0
2025-06-10T05:52:42.296Z,0,0,0
2025-06-10T05:52:43.302Z,0,0,0
2025-06-10T05:52:44.308Z,0,0,0
2025-06-10T05:52:45.311Z,0,0,0
2025-06-10T05:52:46.320Z,0,0,0
2025-06-10T05:52:47.325Z,0,0,0
2025-06-10T05:52:48.334Z,0,0,0
2025-06-10T05:52:49.341Z,0,0,0
2025-06-10T05:52:50.347Z,0,0,0
2025-06-10T05:52:51.354Z,0,0,0
2025-06-10T05:52:52.363Z,0,0,0
2025-06-10T05:52:53.369Z,0,0,0
2025-06-10T05:52:54.377Z,0,0,0
2025-06-10T05:52:55.389Z,0,0,0
2025-06-10T05:52:56.388Z,0,0,0
2025-06-10T05:52:57.391Z,0,0,0
2025-06-10T05:52:58.396Z,0,0,0
2025-06-10T05:52:59.403Z,0,0,0
2025-06-10T05:53:00.409Z,0,0,0
2025-06-10T05:53:01.414Z,0,0,0
2025-06-10T05:53:02.422Z,0,0,0
2025-06-10T05:53:03.427Z,0,0,0
2025-06-10T05:53:04.430Z,0,0,0
2025-06-10T05:53:05.432Z,0,0,0
2025-06-10T05:53:06.432Z,0,0,0
2025-06-10T05:53:07.437Z,0,0,0
2025-06-10T05:53:08.439Z,0,0,0
2025-06-10T05:53:09.445Z,0,0,0
2025-06-10T05:53:10.458Z,0,0,0
2025-06-10T05:53:11.464Z,0,0,0
2025-06-10T05:53:12.472Z,0,0,0
2025-06-10T05:53:13.478Z,0,0,0
2025-06-10T05:53:14.481Z,0,0,0
2025-06-10T05:53:15.490Z,0,0,0
2025-06-10T05:53:16.496Z,0,0,0
2025-06-10T05:53:17.497Z,0,0,0
2025-06-10T05:53:18.497Z,0,0,0
2025-06-10T05:53:19.509Z,0,0,0
2025-06-10T05:53:20.524Z,0,0,0
2025-06-10T05:53:21.537Z,0,0,0
2025-06-10T05:53:22.539Z,0,0,0
2025-06-10T05:53:23.544Z,0,0,0
2025-06-10T05:53:24.556Z,0,0,0
2025-06-10T05:53:25.559Z,0,0,0
2025-06-10T05:53:26.568Z,0,0,0
2025-06-10T05:53:27.571Z,0,0,0
2025-06-10T05:53:28.574Z,0,0,0
2025-06-10T05:53:29.582Z,0,0,0
2025-06-10T05:53:30.594Z,0,0,0
2025-06-10T05:53:31.595Z,0,0,0
2025-06-10T05:53:32.598Z,0,0,0
2025-06-10T05:53:33.603Z,0,0,0
2025-06-10T05:53:34.608Z,0,0,0
2025-06-10T05:53:35.615Z,0,0,0
2025-06-10T05:53:36.622Z,0,0,0
2025-06-10T05:53:37.626Z,0,0,0
2025-06-10T05:53:38.633Z,0,0,0
2025-06-10T05:53:39.640Z,0,0,0
2025-06-10T05:53:40.646Z,0,0,0
2025-06-10T05:53:41.653Z,0,0,0
2025-06-10T05:53:42.653Z,0,0,0
2025-06-10T05:53:43.666Z,0,0,0
2025-06-10T05:53:44.668Z,0,0,0
2025-06-10T05:53:45.684Z,0,0,0
2025-06-10T05:53:46.687Z,0,0,0
2025-06-10T05:53:47.689Z,0,0,0
2025-06-10T05:53:48.692Z,0,0,0
2025-06-10T05:53:49.700Z,0,0,0
2025-06-10T05:53:50.706Z,0,0,0
2025-06-10T05:53:51.708Z,0,0,0
2025-06-10T05:53:52.721Z,0,0,0
2025-06-10T05:53:53.735Z,0,0,0
2025-06-10T05:53:54.750Z,0,0,0
2025-06-10T05:53:55.764Z,0,0,0
2025-06-10T05:53:56.765Z,0,0,0
2025-06-10T05:53:57.766Z,0,0,0
2025-06-10T05:53:58.768Z,0,0,0
2025-06-10T05:53:59.772Z,0,0,0
2025-06-10T05:54:00.773Z,0,0,0
2025-06-10T05:54:01.776Z,0,0,0
2025-06-10T05:54:02.777Z,0,0,0
2025-06-10T05:54:03.783Z,0,0,0
2025-06-10T05:54:04.782Z,0,0,0
2025-06-10T05:54:05.789Z,0,0,0
2025-06-10T05:54:06.789Z,0,0,0
2025-06-10T05:54:07.803Z,0,0,0
2025-06-10T05:54:08.810Z,0,0,0
2025-06-10T05:54:09.819Z,0,0,0
2025-06-10T05:54:10.828Z,0,0,0
2025-06-10T05:54:11.840Z,0,0,0
2025-06-10T05:54:12.847Z,0,0,0
2025-06-10T05:54:13.851Z,0,0,0
2025-06-10T05:54:14.848Z,0,0,0
2025-06-10T05:54:15.853Z,0,0,0
2025-06-10T05:54:16.859Z,0,0,0
2025-06-10T05:54:17.866Z,0,0,0
2025-06-10T05:54:18.881Z,0,0,0
2025-06-10T05:54:19.893Z,0,0,0
2025-06-10T05:54:20.891Z,0,0,0
2025-06-10T05:54:21.898Z,0,0,0
2025-06-10T05:54:22.903Z,0,0,0
2025-06-10T05:54:23.912Z,0,0,0
2025-06-10T05:54:24.917Z,0,0,0
2025-06-10T05:54:25.923Z,0,0,0
2025-06-10T05:54:26.923Z,0,0,0
2025-06-10T05:54:27.937Z,0,0,0
2025-06-10T05:54:28.943Z,0,0,0
2025-06-10T05:54:29.949Z,0,0,0
2025-06-10T05:54:30.954Z,0,0,0
2025-06-10T05:54:31.962Z,0,0,0
2025-06-10T05:54:32.969Z,0,0,0
2025-06-10T05:54:33.977Z,0,0,0
2025-06-10T05:54:34.981Z,0,0,0
2025-06-10T05:54:35.988Z,0,0,0
2025-06-10T05:54:36.995Z,0,0,0
2025-06-10T05:54:38.002Z,0,0,0
2025-06-10T05:54:39.006Z,0,0,0
2025-06-10T05:54:40.012Z,0,0,0
2025-06-10T05:54:41.021Z,0,0,0
2025-06-10T05:54:42.029Z,0,0,0
2025-06-10T05:54:43.046Z,0,0,0
2025-06-10T05:54:44.054Z,0,0,0
2025-06-10T05:54:45.062Z,0,0,0
2025-06-10T05:54:46.066Z,0,0,0
2025-06-10T05:54:47.074Z,0,0,0
2025-06-10T05:54:48.077Z,0,0,0
2025-06-10T05:54:49.082Z,0,0,0
2025-06-10T05:54:50.085Z,0,0,0
2025-06-10T05:54:51.090Z,0,0,0
2025-06-10T05:54:52.098Z,0,0,0
2025-06-10T05:54:53.103Z,0,0,0
2025-06-10T05:54:54.110Z,0,0,0
2025-06-10T05:54:55.117Z,0,0,0
2025-06-10T05:54:56.123Z,0,0,0
2025-06-10T05:54:57.128Z,0,0,0
2025-06-10T05:54:58.135Z,0,0,0
2025-06-10T05:54:59.137Z,0,0,0
2025-06-10T05:55:00.142Z,0,0,0
2025-06-10T05:55:01.143Z,0,0,0
2025-06-10T05:55:02.150Z,0,0,0
2025-06-10T05:55:03.154Z,0,0,0
2025-06-10T05:55:04.161Z,0,0,0
2025-06-10T05:55:05.167Z,0,0,0
2025-06-10T05:55:06.174Z,0,0,0
2025-06-10T05:55:07.181Z,0,0,0
2025-06-10T05:55:08.181Z,0,0,0
2025-06-10T05:55:09.197Z,0,0,0
2025-06-10T05:55:10.203Z,0,0,0
2025-06-10T05:55:11.211Z,0,0,0
2025-06-10T05:55:12.220Z,0,0,0
2025-06-10T05:55:13.225Z,0,0,0
2025-06-10T05:55:14.232Z,0,0,0
2025-06-10T05:55:15.236Z,0,0,0
2025-06-10T05:55:16.238Z,0,0,0
2025-06-10T05:55:17.245Z,0,0,0
2025-06-10T05:55:18.245Z,0,0,0
2025-06-10T05:55:19.257Z,0,0,0
2025-06-10T05:55:20.272Z,0,0,0
2025-06-10T05:55:21.274Z,0,0,0
2025-06-10T05:55:22.273Z,0,0,0
2025-06-10T05:55:23.277Z,0,0,0
2025-06-10T05:55:24.281Z,0,0,0
2025-06-10T06:19:37.278Z,0,0,0
2025-06-10T06:19:38.290Z,0,0,0
2025-06-10T06:19:39.294Z,0,0,0
2025-06-10T06:19:40.302Z,0,0,0
2025-06-10T06:19:41.314Z,0,0,0
2025-06-10T06:19:42.319Z,0,0,0
2025-06-10T06:19:43.329Z,0,0,0
2025-06-10T06:19:44.329Z,0,0,0
2025-06-10T06:19:45.333Z,0,0,0
2025-06-10T06:19:46.342Z,0,0,0
2025-06-10T06:19:47.351Z,0,0,0
2025-06-10T06:19:48.364Z,0,0,0
2025-06-10T06:19:49.372Z,0,0,0
2025-06-22T10:28:01.203Z,0,0,0
2025-06-22T10:28:02.208Z,0,0,0
2025-06-22T10:28:03.214Z,0,0,0
2025-06-22T10:28:04.219Z,0,0,0
2025-06-22T10:28:05.221Z,0,0,0
2025-06-22T10:28:06.230Z,0,0,0
2025-06-22T10:28:07.238Z,0,0,0
2025-06-22T10:28:08.241Z,0,0,0
2025-06-22T10:28:09.244Z,0,0,0
2025-06-22T10:28:10.245Z,0,0,0
2025-06-22T10:28:11.251Z,0,0,0
2025-06-22T10:28:12.262Z,0,0,0
2025-06-22T10:28:13.277Z,0,0,0
2025-06-22T10:28:14.286Z,0,0,0
2025-06-22T10:28:15.292Z,0,0,0
2025-06-22T10:28:16.298Z,0,0,0
2025-06-22T10:28:17.304Z,0,0,0
2025-06-22T10:28:18.310Z,0,0,0
